Name,Team,Opponent,Position,DFS ID,SS Projection,My Projection,Actual,Price,Value,SS Own,My Own,dk_points,dk_25_percentile,dk_50_percentile,dk_75_percentile,dk_85_percentile,dk_95_percentile,dk_99_percentile,fd_points,fd_25_percentile,fd_50_percentile,fd_75_percentile,fd_85_percentile,fd_95_percentile,fd_99_percentile,fdraft_points,fdraft_25_percentile,fdraft_50_percentile,fdraft_75_percentile,fdraft_85_percentile,fdraft_95_percentile,fdraft_99_percentile,yahoo_points,yahoo_25_percentile,yahoo_50_percentile,yahoo_75_percentile,yahoo_85_percentile,yahoo_95_percentile,yahoo_99_percentile,dk_std,fd_std,fdraft_std,yahoo_std,points,assists,two_pt_fg,two_pt_attempts,three_pt_fg,three_pt_attempts,free_throws_made,free_throw_attempts,fouls,minutes,turnovers,steals,blocks,offensive_rebounds,defensive_rebounds,rebounds,double_doubles,triple_doubles
Cory Joseph,SAC,NO,PG,15059003,28.4347,,,3700,7.685054054054055,0.063,,28.4347,23.25,28,33.25,36,41.5,48.005,28.2289,22.6,27.8,33.3,36.3,41.505,48.3,28.4347,23.25,28,33.25,36,41.5,48.005,28.2289,22.6,27.8,33.3,36.3,41.505,48.3,7.52664,7.7867,7.52664,7.7867,9.5175,6.894,2.0585,4.497,1.358,3.706,1.3265,1.594,2.709,34.9854,1.832,1.2795,0.4185,1.148,3.109,4.257,0.063,0.0005
Jeremiah Martin,BKN,ORL,PG,15059041,25.995,,,3400,7.645588235294118,0.05,,25.995,21,25.75,30.75,33.25,38.2625,44.2525,25.6427,20.4,25.3,30.5,33.3,38.3,44.401,25.995,21,25.75,30.75,33.25,38.2625,44.2525,25.6427,20.4,25.3,30.5,33.3,38.3,44.401,7.20368,7.39741,7.20368,7.39741,13.16,4.0145,3.2155,6.3445,1.469,4.227,2.322,2.9595,1.5615,22.9038,1.4255,0.892,0.386,0.5485,2.8285,3.377,0.0095,0
Jeff Green,HOU,SA,C,15058954,30.7576,,,4100,7.501853658536585,0.029,,30.7576,24.5,30.5,36.25,39.5,45.0125,52.5025,29.66,23.7,29.3,35.2,38.415,43.5,51.9,30.7576,24.5,30.5,36.25,39.5,45.0125,52.5025,29.66,23.7,29.3,35.2,38.415,43.5,51.9,8.54671,8.38991,8.54671,8.38991,17.676,2.39,3.0975,5.1085,2.779,7.311,3.144,3.777,2.508,29.9996,1.657,0.8365,0.5665,0.8945,3.978,4.8725,0.026,0
Markelle Fultz,ORL,BKN,PG,15058872,34.5026,,,4600,7.500565217391304,0.06,,34.5026,28.75,34,39.75,43,48,55.0025,33.6842,27.8,33.3,38.9,42.3,47.505,54.303,34.5026,28.75,34,39.75,43,48,55.0025,33.6842,27.8,33.3,38.9,42.3,47.505,54.303,7.98562,8.23121,7.98562,8.23121,17.166,6.6635,5.836,11.01,1.0505,3.912,2.3425,3.2285,2.027,30.3811,2.684,1.239,0.199,0.68,3.3975,4.0775,0.1235,0
Justin Anderson,BKN,ORL,SF,15059312,22.3609,,,3000,7.453633333333334,0.04,,22.3609,17.5,22,27,29.75,34.2625,39.2525,22.0303,17.1,21.7,26.9,29.3,34.21,39.401,22.3609,17.5,22,27,29.75,34.2625,39.2525,22.0303,17.1,21.7,26.9,29.3,34.21,39.401,7.01699,7.14875,7.01699,7.14875,10.6125,1.547,1.6995,3.859,1.797,4.693,1.8225,2.4005,1.976,24.6616,1.2335,0.822,0.631,1.2235,3.753,4.9765,0.013,0
Furkan Korkmaz,PHI,PHO,SG,15059146,22.3435,,,3000,7.4478333333333335,0.074,,22.3435,17.5,22,26.75,29.5,34.5125,40.0025,21.233,16.4,21,25.6,28.415,33.105,39.101,22.3435,17.5,22,26.75,29.5,34.5125,40.0025,21.233,16.4,21,25.6,28.415,33.105,39.101,7.10107,7.00586,7.10107,7.00586,12.6775,1.9245,1.9725,4.4115,2.3665,5.991,1.633,2.171,1.5585,26.7139,1.5165,0.714,0.2935,0.3525,3.1165,3.469,0.002,0
Timothe Luwawu,BKN,ORL,SF,15059019,26.5191,,,3600,7.366416666666667,0.05,,26.5191,20.5,26.25,32.25,35.5,41.7625,47.75,25.341,19.4,25,30.9,34.1,40.005,45.006,26.5191,20.5,26.25,32.25,35.5,41.7625,47.75,25.341,19.4,25,30.9,34.1,40.005,45.006,8.69078,8.44882,8.69078,8.44882,16.2985,1.151,2.6935,5.3085,2.576,6.7405,3.1835,3.727,3.799,30.2747,1.1725,0.556,0.4045,0.957,3.7155,4.6725,0.0205,0
Austin Rivers,HOU,SA,PG,15058940,29.4975,,,4100,7.194512195121951,0.06,,29.4975,23.25,29.5,35.5,38.75,44.5,50.5,28.4064,22.3,28.3,34.4,37.8,42.905,49.002,29.4975,23.25,29.5,35.5,38.75,44.5,50.5,28.4064,22.3,28.3,34.4,37.8,42.905,49.002,8.99757,8.87163,8.99757,8.87163,15.962,3.463,2.794,5.756,2.6535,6.6255,2.4135,3.366,3.3525,32.0795,1.421,0.8805,0.299,0.5395,3.7375,4.277,0.013,0
Frank Jackson,NO,SAC,PG,15059143,22.1379,,,3100,7.141258064516128,0.038,,22.1379,17.25,21.75,26.75,29.25,33.75,39.25,20.8358,15.9,20.6,25.4,28,32.005,37.802,22.1379,17.25,21.75,26.75,29.25,33.75,39.25,20.8358,15.9,20.6,25.4,28,32.005,37.802,6.82489,6.72673,6.82489,6.72673,13.0665,2.7615,3.0685,6.564,1.6865,5.1385,1.87,2.4935,1.6275,25.2515,1.64,0.4225,0.095,0.722,2.3735,3.0955,0.001,0
Chris Chiozza,BKN,ORL,PG,15058903,31.3759,,,4400,7.130886363636364,0.064,,31.3759,25.25,31.25,36.75,40.5,47,53.5,29.6374,23.475,29.6,35.1,38.8,44.605,51.601,31.3759,25.25,31.25,36.75,40.5,47,53.5,29.6374,23.475,29.6,35.1,38.8,44.605,51.601,8.95798,8.87547,8.95798,8.87547,14.8345,5.817,3.2475,6.8425,2.261,5.956,1.5565,1.776,3.2075,31.0228,3.1545,0.7925,0.501,0.622,3.8375,4.4595,0.0645,0.0015
Bogdan Bogdanovic,SAC,NO,SG,15058770,38.5503,,,5500,7.009145454545455,0.087,,38.5503,31.5,38.5,45,48.5,54.75,61.75,37.245,30.575,37.1,43.9,47.215,52.8,60.108,38.5503,31.5,38.5,45,48.5,54.75,61.75,37.245,30.575,37.1,43.9,47.215,52.8,60.108,9.70108,9.58571,9.70108,9.58571,21.9995,4.0525,4.3425,8.1615,3.6665,9.3955,2.315,2.941,2.7845,34.9173,2.064,1.435,0.409,0.51,4.239,4.749,0.03,0.0005
Matisse Thybulle,PHI,PHO,SG,15059079,21.7815,,,3200,6.80671875,0.062,,21.7815,17,21.5,26.25,28.75,33.25,38.5,23.5602,18.2,23.3,28.8,31.6,36.5,42.502,21.7815,17,21.5,26.25,28.75,33.25,38.5,23.5602,18.2,23.3,28.8,31.6,36.5,42.502,6.72914,7.72441,6.72914,7.72441,7.3455,2.449,1.777,3.3845,0.9265,2.9355,1.012,1.3765,2.947,28.2003,1.566,1.8865,1.3275,1.6595,2.0615,3.721,0.002,0
Alec Burks,PHI,PHO,PG,15058911,29.2296,,,4300,6.797581395348837,0.056,,29.2296,23.75,29,34.25,37.25,42.75,48.5,28.1059,22.8,27.8,33.125,36.3,41.1,47.302,29.2296,23.75,29,34.25,37.25,42.75,48.5,28.1059,22.8,27.8,33.125,36.3,41.1,47.302,7.83032,7.74736,7.83032,7.74736,15.9845,3.3055,3.0825,7.2435,2.0605,5.9365,3.638,4.156,1.833,27.4413,1.8545,0.8005,0.302,0.862,3.8965,4.7585,0.0205,0
Dzanan Musa,BKN,ORL,PF,15059318,20.2514,,,3000,6.750466666666667,0.069,,20.2514,16,20,24.5,26.75,31,36.0025,19.2348,14.8,18.7,23.5,26,30.3,35.4,20.2514,16,20,24.5,26.75,31,36.0025,19.2348,14.8,18.7,23.5,26,30.3,35.4,6.27381,6.36423,6.27381,6.36423,10.008,2.201,2.363,4.896,1.152,4.2,1.826,2.3885,1.3075,23.9815,1.926,0.689,0.0755,1.1075,3.524,4.6315,0.007,0
Josh Hart,NO,SAC,SF,15058956,27.4336,,,4100,6.691121951219512,0.051,,27.4336,22,27,32,35.5,40.5125,47.5025,26.3633,21.2,26,31.1,33.915,39.305,45.205,27.4336,22,27,32,35.5,40.5125,47.5025,26.3633,21.2,26,31.1,33.915,39.305,45.205,7.607,7.42807,7.607,7.42807,12.61,2.124,2.5275,4.282,1.808,5.224,2.131,2.8815,2.0075,26.8817,1.577,0.835,0.3345,1.0525,6.144,7.1965,0.125,0
Donte DiVincenzo,MIL,WAS,PG,15058975,26.0314,,,3900,6.674717948717949,0.053,,26.0314,21.25,25.75,30.5,33.25,38.0125,44.2575,25.7812,20.8,25.6,30.425,33.215,38,45.202,26.0314,21.25,25.75,30.5,33.25,38.0125,44.2575,25.7812,20.8,25.6,30.425,33.215,38,45.202,7.15715,7.40092,7.15715,7.40092,11.91,2.7865,2.9405,5.011,1.511,4.4085,1.496,1.9755,1.924,26.3172,1.9615,1.2705,0.518,1.1,4.1395,5.2395,0.027,0
JJ Redick,NO,SAC,SG,15058906,28.5336,,,4300,6.635720930232558,0.072,,28.5336,22.75,28,33.75,37.5,43,50,26.2096,20.775,25.6,31.3,34.6,40.1,46.9,28.5336,22.75,28,33.75,37.5,43,50,26.2096,20.775,25.6,31.3,34.6,40.1,46.9,8.45958,8.0183,8.45958,8.0183,19.934,2.321,3.0305,5.9895,3.575,8.2285,3.148,3.5495,1.44,27.7429,1.723,0.314,0.1435,0.156,2.4645,2.6205,0.001,0
Buddy Hield,SAC,NO,SG,15058853,31.8086,,,4800,6.626791666666667,0.078,,31.8086,25.75,31.5,37.5,40.75,46.5,52.75,29.7084,23.9,29.3,35.3,38.3,44.005,49.402,31.8086,25.75,31.5,37.5,40.75,46.5,52.75,29.7084,23.9,29.3,35.3,38.3,44.005,49.402,8.49089,8.23296,8.49089,8.23296,19.098,3.109,3.285,7.354,3.6045,8.8165,1.7145,1.999,1.8085,26.7145,2.2665,0.8275,0.2325,0.6705,3.524,4.1945,0.01,0
Gary Clark,ORL,BKN,PF,15059035,22.4531,,,3400,6.60385294117647,0.048,,22.4531,17.5,22.25,26.75,29.5,35.0125,41.5,22.924,17.7,22.5,27.4,30.3,35.6,42.203,22.4531,17.5,22.25,26.75,29.5,35.0125,41.5,22.924,17.7,22.5,27.4,30.3,35.6,42.203,7.10476,7.34562,7.10476,7.34562,9.222,0.7945,1.7285,2.96,1.3665,4.009,1.6655,2.0565,2.079,27.733,0.5275,0.568,1.2365,1.8415,4.512,6.3535,0.046,0
Wes Iwundu,ORL,BKN,SF,15059108,20.8883,,,3200,6.527593749999999,0.058,,20.8883,16.25,20.5,25.25,27.7875,32.25,38,20.8298,16,20.6,25.3,28,32.605,38.2,20.8883,16.25,20.5,25.25,27.7875,32.25,38,20.8298,16,20.6,25.3,28,32.605,38.2,6.76216,6.959,6.76216,6.959,10.963,1.635,2.2825,4.383,1.2125,3.458,2.7605,3.3835,2.413,25.8495,0.9515,0.6385,0.5865,0.5225,3.3865,3.909,0.004,0
Donta Hall,BKN,ORL,C,15059095,20.2795,,,3200,6.33734375,0.03,,20.2795,15.75,20,24,26.5,31.25,36.5025,20.3876,15.9,20.1,24.6,27.1,31.305,37.101,20.2795,15.75,20,24,26.5,31.25,36.5025,20.3876,15.9,20.1,24.6,27.1,31.305,37.101,6.32747,6.53378,6.32747,6.53378,8.0575,0.888,2.4385,4.4875,0.45,1.209,1.8305,2.817,2.671,22.1488,0.9005,0.4125,0.7945,2.119,4.779,6.898,0.0525,0
Harrison Barnes,SAC,NO,SF,15058863,29.4676,,,4700,6.269702127659575,0.054,,29.4676,23.75,29.25,34.75,37.5375,43,50.0025,28.1704,22.6,28,33.2,36.215,41.3,48.201,29.4676,23.75,29.25,34.75,37.5375,43,50.0025,28.1704,22.6,28,33.2,36.215,41.3,48.201,8.05395,7.86213,8.05395,7.86213,16.7135,2.456,3.7825,7.4935,1.9125,4.728,3.411,4.251,1.144,34.4685,1.519,0.637,0.1585,1.25,4.5045,5.7545,0.0595,0
Ish Smith,WAS,MIL,PG,15058799,33.0752,,,5300,6.2406037735849065,0.053,,33.0752,27.5,32.75,38.25,41.5,47,53.25,32.8068,27.1,32.5,38.1,41.3,47.005,52.5,33.0752,27.5,32.75,38.25,41.5,47,53.25,32.8068,27.1,32.5,38.1,41.3,47.005,52.5,8.04005,8.19655,8.04005,8.19655,14.1855,6.995,4.3585,10.9605,1.399,3.784,1.2715,1.635,2.1695,31.0272,1.875,1.2165,0.5425,0.5585,3.3805,3.939,0.127,0.001
D.J. Augustin,ORL,BKN,PG,15058886,27.8809,,,4500,6.1957555555555555,0.048,,27.8809,22.5,27.5,32.75,35.75,41.25,46.75,26.3652,20.9,26,31.1,34.1,39.505,45.405,27.8809,22.5,27.5,32.75,35.75,41.25,46.75,26.3652,20.9,26,31.1,34.1,39.505,45.405,7.59223,7.54792,7.59223,7.54792,14.782,5.8285,2.9655,6.3415,1.804,4.9155,3.439,3.951,1.288,28.1512,2.3315,0.695,0.054,0.4475,1.99,2.4375,0.05,0
DaQuan Jeffries,SAC,NO,SF,15059134,19.0956,,,3100,6.159870967741936,0.051,,19.0956,14.75,18.75,23,25.25,29.75,34.5025,19.0518,14.6,18.8,23,25.4,29.8,35.302,19.0956,14.75,18.75,23,25.25,29.75,34.5025,19.0518,14.6,18.8,23,25.4,29.8,35.302,6.091,6.21156,6.091,6.21156,8.8935,2.7285,2.2805,3.696,0.9825,3.075,1.385,1.626,2.355,21.6796,0.5755,0.729,0.1705,0.3935,2.892,3.2855,0,0
Seth Curry,DAL,POR,SG,15058935,25.7859,,,4200,6.1395,0.064,,25.7859,20.25,25.5,31,34,39.25,45.75,24.4884,19.3,24.1,29.4,32.6,37.405,44.1,25.7859,20.25,25.5,31,34,39.25,45.75,24.4884,19.3,24.1,29.4,32.6,37.405,44.1,7.85571,7.63794,7.85571,7.63794,15.3327,2.751,2.675,5.25133,2.92067,5.98233,1.22067,1.53633,2.11967,31.7595,1.285,0.778,0.171667,0.413,2.47467,2.88767,0,0
Rodions Kurucs,BKN,ORL,PF,15058948,24.9568,,,4100,6.087024390243903,0.041,,24.9568,19.5,24.5,30,33.0375,38.75,44.7525,24.0653,18.5,23.9,29.4,32.4,37.9,44.201,24.9568,19.5,24.5,30,33.0375,38.75,44.7525,24.0653,18.5,23.9,29.4,32.4,37.9,44.201,7.81762,7.92053,7.81762,7.92053,10.62,2.473,2.416,4.457,1.5135,4.6915,1.2475,1.807,2.974,30.5648,2.242,0.9975,0.4155,1.216,5.233,6.449,0.0695,0
Dejounte Murray,SA,HOU,PG,15058734,37.4282,,,6200,6.036806451612903,0.082,,37.4282,31,37.25,43.25,46.75,52.5,60,37.084,30.5,36.8,43.2,46.815,52.705,58.801,37.4282,31,37.25,43.25,46.75,52.5,60,37.084,30.5,36.8,43.2,46.815,52.705,58.801,9.08017,9.28148,9.08017,9.28148,16.159,5.4825,5.052,10.8675,1.125,2.8615,2.68,3.3395,2.537,32.4098,2.54,1.9035,0.2925,0.9355,6.2755,7.211,0.2065,0.0125
Khem Birch,ORL,BKN,PF,15059066,19.6362,,,3300,5.950363636363636,0.034,,19.6362,15.5,19.25,23.5,25.75,30.25,35.5025,20.0183,15.5,19.6,24.1,26.7,31.205,36.601,19.6362,15.5,19.25,23.5,25.75,30.25,35.5025,20.0183,15.5,19.6,24.1,26.7,31.205,36.601,5.96006,6.37032,5.96006,6.37032,7.1105,1.608,2.215,3.83,0.2,0.625,2.0805,3.028,1.7505,21.0836,0.9975,0.429,0.9085,2.3845,3.8495,6.234,0.03,0
Jevon Carter,PHO,PHI,PG,15059097,18.9286,,,3200,5.915187499999999,0.057,,18.9286,14.5,18.5,23,25.5,29.75,36.0025,19.0432,14.4,18.75,23.3,26.215,30.505,36.61,18.9286,14.5,18.5,23,25.5,29.75,36.0025,19.0432,14.4,18.75,23.3,26.215,30.505,36.61,6.4008,6.68875,6.4008,6.68875,7.2645,2.7915,1.1785,2.6235,1.3985,3.337,0.712,0.8425,1.9725,23.574,0.8115,0.93,0.466,0.792,2.7205,3.5125,0.0005,0
Nicolo Melli,NO,SAC,PF,15058984,22.9072,,,3900,5.873641025641025,0.042,,22.9072,17.75,22.5,27.5,30.25,35.5,42.2525,22.4563,17.4,22.2,27.1,29.9,35,42,22.9072,17.75,22.5,27.5,30.25,35.5,42.2525,22.4563,17.4,22.2,27.1,29.9,35,42,7.16572,7.25716,7.16572,7.25716,11.065,2.515,2.46,4.136,1.6075,4.6365,1.3225,1.8185,2.5795,23.847,1.4145,0.7025,0.585,0.882,3.427,4.309,0.008,0
Isaac Bonga,WAS,MIL,SF,15059006,21.6779,,,3700,5.858891891891893,0.044,,21.6779,17,21.5,26.25,29.25,34,39,21.3852,16.4,21.2,26.225,29.6,34.105,39.201,21.6779,17,21.5,26.25,29.25,34,39,21.3852,16.4,21.2,26.225,29.6,34.105,39.201,7.21619,7.51469,7.21619,7.51469,9.312,2.1465,2.413,5.0855,0.8245,2.3805,2.0125,2.4115,3.8655,27.2876,1.952,0.938,0.47,1.782,3.7025,5.4845,0.0255,0
Alex Len,SAC,NO,C,15059026,20.258,,,3500,5.788,0.039,,20.258,15.75,19.75,24,26.5,31.25,37.0025,20.4242,15.8,20,24.4,27.3,31.605,37.905,20.258,15.75,19.75,24,26.5,31.25,37.0025,20.4242,15.8,20,24.4,27.3,31.605,37.905,6.15622,6.46032,6.15622,6.46032,9.1975,0.9405,2.977,5.173,0.5185,1.3325,1.688,2.688,1.486,17.6449,0.991,0.4125,0.839,2.0805,3.7965,5.877,0.0245,0
Pat Connaughton,MIL,WAS,SG,15059050,19.6082,,,3400,5.767117647058824,0.045,,19.6082,15.25,19.5,23.75,26,30.5,34.755,19.052,14.6,18.8,23.2,25.515,29.9,34.502,19.6082,15.25,19.5,23.75,26,30.5,34.755,19.052,14.6,18.8,23.2,25.515,29.9,34.502,6.19137,6.23917,6.19137,6.23917,8.594,2.1585,1.617,2.648,1.4615,3.801,0.9755,1.233,1.519,22.9596,1.1825,0.45,0.5505,1.0775,3.4235,4.501,0.0065,0
Brandon Clarke,MEM,BOS,PF,15058835,28.8016,,,5000,5.76032,0.045,,28.8016,23.5,28.375,33.25,36.5,42,47.255,28.8678,23.7,28.5,33.6,36.7,42.2,48.7,28.8016,23.5,28.375,33.25,36.5,42,47.255,28.8678,23.7,28.5,33.6,36.7,42.2,48.7,7.48037,7.64717,7.48037,7.64717,14.052,1.6685,5.0255,7.7905,0.687,1.9375,1.94,2.528,1.727,27.088,1.309,0.6055,1.057,2.2585,4.937,7.1955,0.159,0
Derrick Favors,NO,SAC,C,15058813,29.203,,,5100,5.7260784313725495,0.047,,29.203,24,29,34.0625,37.25,41.7625,47.255,28.7045,23.7,28.4,33.6,36.5,41.4,47.4,29.203,24,29,34.0625,37.25,41.7625,47.255,28.7045,23.7,28.4,33.6,36.5,41.4,47.4,7.38001,7.3555,7.38001,7.3555,10.9595,1.421,4.1965,6.4335,0.3645,1.3825,1.473,2.2855,1.7305,26.187,1.4445,0.645,0.855,3.676,6.789,10.465,0.3805,0
Derrick White,SA,HOU,PG,15058737,34.8729,,,6100,5.716868852459017,0.056,,34.8729,28.5,34.5,40.75,44.25,50.25,57.2525,34.5718,28.1,34.25,40.7,44.1,50.305,57.403,34.8729,28.5,34.5,40.75,44.25,50.25,57.2525,34.5718,28.1,34.25,40.7,44.1,50.305,57.403,9.02509,9.22711,9.02509,9.22711,16.806,5.382,3.493,6.542,1.807,4.8845,4.399,5.188,2.7035,31.2908,2.186,0.832,1.201,0.654,4.1625,4.8165,0.0625,0.001
Shake Milton,PHI,PHO,PG,15058815,28.9769,,,5100,5.681745098039216,0.055,,28.9769,23.25,28.75,34.25,37.25,42.75,49.755,28.1534,22.3,28,33.5,36.3,41.9,48.5,28.9769,23.25,28.75,34.25,37.25,42.75,49.755,28.1534,22.3,28,33.5,36.3,41.9,48.5,8.08845,8.13544,8.08845,8.13544,15.614,3.9765,3.1515,5.9635,2.318,5.249,2.357,3.0735,3.2,29.3169,1.8425,0.97,0.4675,0.5505,2.87,3.4205,0.0065,0
James Ennis III,ORL,BKN,SF,15058915,24.3298,,,4300,5.658093023255814,0.038,,24.3298,19,23.75,28.8125,31.5,37.25,43.0025,23.6928,18.6,23.3,28.2,30.915,36.6,42.203,24.3298,19,23.75,28.8125,31.5,37.25,43.0025,23.6928,18.6,23.3,28.2,30.915,36.6,42.203,7.24356,7.29103,7.24356,7.29103,12.073,1.483,3.0335,5.0985,1.155,4.093,2.541,3.099,2.445,27.0754,1.582,0.58,0.5655,1.2715,5.0125,6.284,0.0665,0
Kyle Anderson,MEM,BOS,SF,15058899,24.8356,,,4400,5.644454545454545,0.052,,24.8356,20,24.25,29.5,32.25,36.2625,41.0025,25.3803,20.075,24.8,30.5,33.4,38.005,43.101,24.8356,20,24.25,29.5,32.25,36.2625,41.0025,25.3803,20.075,24.8,30.5,33.4,38.005,43.101,6.88826,7.48075,6.88826,7.48075,8.9545,3.998,2.716,5.1225,0.718,2.498,1.3685,1.9445,2.503,28.7728,1.702,1.0155,1.0175,1.031,3.9955,5.0265,0.018,0
Tyler Johnson,BKN,ORL,PG,15058822,28.765,,,5100,5.640196078431373,0.047,,28.765,22.5,28.25,34.5,37.75,43.5,50.25,27.929,21.8,27.5,33.825,37.2,42.81,48.602,28.765,22.5,28.25,34.5,37.75,43.5,50.25,27.929,21.8,27.5,33.825,37.2,42.81,48.602,8.55545,8.57165,8.55545,8.57165,15.1975,3.272,2.823,6.611,2.346,6.914,2.5135,3.052,2.2655,31.5732,1.565,0.805,0.5605,1.0215,3.3885,4.41,0.017,0
Ricky Rubio,PHO,PHI,PG,15058719,37.031,,,6600,5.610757575757575,0.062,,37.031,31,36.75,42.8125,46.25,52.25,58.5025,35.4378,29.7,35.2,41.225,44.1,49.3,56.401,37.031,31,36.75,42.8125,46.25,52.25,58.5025,35.4378,29.7,35.2,41.225,44.1,49.3,56.401,8.73262,8.5073,8.73262,8.5073,13.9235,9.0615,3.1995,7.2005,1.4055,3.7285,3.308,3.7525,2.391,30.2953,2.8855,1.252,0.1565,0.7035,4.7815,5.485,0.348,0.02
Ben McLemore,HOU,SA,SG,15058867,26.3577,,,4700,5.6080212765957445,0.056,,26.3577,20.5,26.25,32,35.5,41,47.7525,25.1139,19.375,25,30.625,33.9,39.405,45.7,26.3577,20.5,26.25,32,35.5,41,47.7525,25.1139,19.375,25,30.625,33.9,39.405,45.7,8.77181,8.44959,8.77181,8.44959,16.2965,1.233,2.0805,3.6835,3.44,7.913,1.8155,2.3665,3.7445,32.4473,1.133,0.892,0.3395,0.393,3.279,3.672,0.0035,0
Harry Giles III,SAC,NO,PF,15059111,17.9276,,,3200,5.602375,0.037,,17.9276,14,17.75,21.75,23.75,27.25,33.2525,17.8276,13.6,17.6,21.825,23.9,27.9,33.5,17.9276,14,17.75,21.75,23.75,27.25,33.2525,17.8276,13.6,17.6,21.825,23.9,27.9,33.5,5.74139,6.04317,5.74139,6.04317,8.28,1.4045,3.0635,5.295,0.2995,0.9655,1.2545,1.6955,2.241,16.3367,1.0345,0.418,0.4165,0.998,3.9785,4.9765,0.0125,0
Cameron Johnson,PHO,PHI,SF,15058809,29.0969,,,5200,5.595557692307692,0.052,,29.0969,23.5,28.75,34.25,37.25,42.75,48.75,28.4788,23,28.2,33.6,36.5,41.9,48.103,29.0969,23.5,28.75,34.25,37.25,42.75,48.75,28.4788,23,28.2,33.6,36.5,41.9,48.103,7.95633,7.80269,7.95633,7.80269,13.6865,2.4825,2.1995,4.1255,2.4225,6.0055,2.02,2.404,2.3095,32.8136,0.7695,0.787,0.616,1.13,5.2275,6.3575,0.0715,0
Troy Brown Jr.,WAS,MIL,SG,15058741,33.5026,,,6000,5.5837666666666665,0.078,,33.5026,27.25,33.25,39.75,43.0375,49.2625,54.75,32.7109,26.5,32.6,39.1,42.3,47.5,54.301,33.5026,27.25,33.25,39.75,43.0375,49.2625,54.75,32.7109,26.5,32.6,39.1,42.3,47.5,54.301,9.2563,9.21437,9.2563,9.21437,15.1905,4.3735,3.897,9.6035,1.6465,4.5085,2.457,3.0395,2.3515,31.9409,1.7415,1.377,0.1015,1.543,5.3455,6.8885,0.1485,0.003
Mikal Bridges,PHO,PHI,SG,15058848,26.7631,,,4800,5.575645833333334,0.053,,26.7631,21.5,26.25,31.75,34.75,40.25,45.755,27.2496,21.5,26.7,32.4,35.6,41.705,47.804,26.7631,21.5,26.25,31.75,34.75,40.25,45.755,27.2496,21.5,26.7,32.4,35.6,41.705,47.804,7.68598,8.08792,7.68598,8.08792,11.992,2.34,2.9865,5.3055,1.395,3.7805,1.834,2.1465,2.426,35.5651,1.477,1.39,0.85,1.2235,4.197,5.4205,0.031,0
E'Twaun Moore,NO,SAC,SG,15059074,18.305,,,3300,5.546969696969697,0.05,,18.305,13.75,18,22.5,24.75,29,34.7525,17.6453,13.1,17.45,21.725,23.715,28.7,34.101,18.305,13.75,18,22.5,24.75,29,34.7525,17.6453,13.1,17.45,21.725,23.715,28.7,34.101,6.2532,6.23386,6.2532,6.23386,10.4625,1.752,2.6495,5.5795,1.446,3.8415,0.8255,1.1185,1.4705,21.5858,1.195,0.594,0.207,0.551,2.238,2.789,0.0005,0
Lonzo Ball,NO,SAC,PG,15058725,35.414,,,6400,5.5334375,0.049,,35.414,28.75,35,41.5,45.25,51.0125,57.25,33.4095,27.2,33.2,39.6,43,48.605,54.103,35.414,28.75,35,41.5,45.25,51.0125,57.25,33.4095,27.2,33.2,39.6,43,48.605,54.103,9.19548,9.07232,9.19548,9.07232,13.615,7.362,2.6945,5.6625,2.4355,6.548,0.9195,1.6015,1.6935,31.4841,3.922,1.275,0.5335,1.0145,5.0255,6.04,0.1965,0.0125
Rui Hachimura,WAS,MIL,PF,15058755,31.4066,,,5700,5.509929824561404,0.051,,31.4066,25.25,31.25,37,40.5,46.5,53,30.7278,24.8,30.5,36.2,39.7,45.1,51.602,31.4066,25.25,31.25,37,40.5,46.5,53,30.7278,24.8,30.5,36.2,39.7,45.1,51.602,8.63093,8.60281,8.63093,8.60281,15.8025,2.6255,5.052,12.3035,0.892,2.849,3.0225,3.677,2.448,35.059,1.5575,0.9055,0.307,2.121,5.3015,7.4225,0.197,0
Russell Westbrook,HOU,SA,PG,15058634,51.1021,,,9300,5.4948494623655915,0.183,,51.1021,43.75,51.25,58.0625,62.2875,69,77.5,48.4944,41.5,48.7,55.5,59.5,66.2,73.807,51.1021,43.75,51.25,58.0625,62.2875,69,77.5,48.4944,41.5,48.7,55.5,59.5,66.2,73.807,10.9377,10.7513,10.9377,10.7513,28.4475,6.9515,8.2675,16.646,2.146,6.98,5.4745,7.3545,2.9245,36.4207,4.525,1.338,0.3895,1.851,5.6175,7.4685,0.3525,0.0325
Nickeil Alexander-Walker,NO,SAC,PG,15059115,17.4118,,,3200,5.4411875,0.033,,17.4118,13,17,21.5,24,28.25,33.7525,16.2728,11.9,15.9,20.1,22.9,26.905,32.304,17.4118,13,17,21.5,24,28.25,33.7525,16.2728,11.9,15.9,20.1,22.9,26.905,32.304,6.24631,6.14227,6.24631,6.14227,8.93,2.914,1.8205,3.877,1.3985,3.941,1.0935,1.614,1.4875,17.2482,1.6185,0.344,0.1545,0.247,2.332,2.579,0,0
Melvin Frazier Jr.,ORL,BKN,SG,15059158,16.2708,,,3000,5.4236,0.045,,16.2708,12,15.75,20,22.25,27.25,33.0025,16.9162,12.4,16.4,21.025,23.3,28.405,33.9,16.2708,12,15.75,20,22.25,27.25,33.0025,16.9162,12.4,16.4,21.025,23.3,28.405,33.9,6.13323,6.45888,6.13323,6.45888,8.406,0.787,1.8195,3.573,1.165,3.425,1.272,1.5985,2.804,21.0692,0.377,0.951,0.5955,0.337,2.219,2.556,0.0015,0
Nikola Vucevic,ORL,BKN,C,15058654,46.5234,,,8600,5.409697674418605,0.133,,46.5234,40,46.5,53.25,56.2875,62,67.7525,44.7314,38.4,44.5,51.225,54.8,60.31,65.7,46.5234,40,46.5,53.25,56.2875,62,67.7525,44.7314,38.4,44.5,51.225,54.8,60.31,65.7,9.59514,9.41159,9.59514,9.41159,22.9625,3.3705,7.26,12.4865,1.9335,6.083,2.642,3.4385,1.847,31.876,1.765,0.8025,0.8635,1.7605,9.473,11.2335,0.694,0.002
Jonas Valanciunas,MEM,BOS,C,15058700,38.9371,,,7200,5.407930555555556,0.064,,38.9371,33,39,45.25,48,53.5125,60.005,37.7734,31.6,37.5,43.9,47.1,53.1,59.213,38.9371,33,39,45.25,48,53.5125,60.005,37.7734,31.6,37.5,43.9,47.1,53.1,59.213,8.876,9.05932,8.876,9.05932,16.5975,1.5995,5.954,9.8745,0.6995,2.328,2.591,3.506,2.583,30.4032,2.4,0.4795,1.612,3.8385,8.58,12.4185,0.723,0
Jaxson Hayes,NO,SAC,C,15059055,18.3546,,,3400,5.398411764705883,0.038,,18.3546,14.25,18,22.25,24.5,28.25,32.5,18.3708,14,18.1,22.6,24.9,29,33.9,18.3546,14.25,18,22.25,24.5,28.25,32.5,18.3708,14,18.1,22.6,24.9,29,33.9,5.82568,6.19638,5.82568,6.19638,8.5,1.334,2.7085,4.049,0.335,1.026,2.078,3.2105,1.83,17.3744,1.1965,0.308,0.7355,1.828,3.1185,4.9465,0.0095,0
Keldon Johnson,SA,HOU,SF,15058968,20.8703,,,3900,5.351358974358974,0.058,,20.8703,16.25,20.5,24.75,27.5,32,38,20.7057,16,20.4,25,27.5,32,37.8,20.8703,16.25,20.5,24.75,27.5,32,38,20.7057,16,20.4,25,27.5,32,37.8,6.48993,6.6385,6.48993,6.6385,10.329,1.5155,2.372,4.2105,0.9385,1.9965,2.7695,3.5735,2.332,23.8375,1.1165,0.9505,0.18,0.708,4.149,4.857,0.0165,0
P.J. Tucker,HOU,SA,C,15058952,21.9207,,,4100,5.346512195121951,0.028,,21.9207,16.75,21.5,26.5,29.75,34.75,40.2525,21.9485,16.8,21.7,26.5,29.6,34.8,40.401,21.9207,16.75,21.5,26.5,29.75,34.75,40.2525,21.9485,16.8,21.7,26.5,29.6,34.8,40.401,7.38502,7.49281,7.38502,7.49281,6.7575,1.7355,0.8515,1.923,1.4585,4.033,0.679,0.857,3.7875,34.8939,1.1645,1.152,0.6185,1.838,5.196,7.034,0.053,0
Jakob Poeltl,SA,HOU,C,15058775,29.4056,,,5500,5.346472727272727,0.04,,29.4056,24.25,29,34.25,37.5,42.5125,48.2525,30.2135,24.6,29.95,35.425,38.7,44.405,49.805,29.4056,24.25,29,34.25,37.5,42.5125,48.2525,30.2135,24.6,29.95,35.425,38.7,44.405,49.805,7.61233,8.14474,7.61233,8.14474,9.621,2.359,3.8355,6.35,0.206,0.5825,1.332,2.5575,2.2725,26.8738,1.51,0.7225,1.7425,3.526,5.7815,9.3075,0.2225,0
Jerome Robinson,WAS,MIL,SG,15058858,25.0982,,,4700,5.340042553191489,0.057,,25.0982,19.5,25,30.25,33.5,38.5125,44.7525,24.9662,19.4,24.75,30.4,33.6,39.5,45.602,25.0982,19.5,25,30.25,33.5,38.5125,44.7525,24.9662,19.4,24.75,30.4,33.6,39.5,45.602,8.10623,8.4427,8.10623,8.4427,12.796,2.8395,2.7885,7.2115,1.764,4.9785,1.927,2.471,3.916,28.2193,1.629,1.1375,0.6105,0.4805,3.0995,3.58,0.003,0
Thomas Bryant,WAS,MIL,C,15058698,38.4466,,,7300,5.266657534246575,0.066,,38.4466,31.5,38.5,45,48.75,55.5,61.505,37.9855,31.2,38,44.625,48.215,54.905,62.1,38.4466,31.5,38.5,45,48.75,55.5,61.505,37.9855,31.2,38,44.625,48.215,54.905,62.1,9.9115,9.86707,9.9115,9.86707,18.8015,1.9425,5.66,10.264,1.6645,4.466,2.488,3.3805,2.7795,33.0392,1.514,0.7045,1.515,3.383,5.8885,9.2715,0.4185,0
Deandre Ayton,PHO,PHI,PF,15058676,41.4266,,,7900,5.2438734177215185,0.125,,41.4266,35.25,41.25,47.5,50.25,56.25,61.75,40.2322,33.8,40.1,46.225,49.315,55.6,61.8,41.4266,35.25,41.25,47.5,50.25,56.25,61.75,40.2322,33.8,40.1,46.225,49.315,55.6,61.8,8.83319,9.00638,8.83319,9.00638,18.797,1.869,7.0895,12.703,0.7715,2.3375,2.3035,3.132,2.2845,35.0839,2.515,0.687,1.4765,3.824,8.3895,12.2135,0.736,0
Giannis Antetokounmpo,MIL,WAS,PF,15058626,54.7526,,,10500,5.214533333333333,0.422,,54.7526,48.25,54.75,61,64.75,71.5,79.5,52.3955,45.5,52.3,58.8,63,69.805,75.702,54.7526,48.25,54.75,61,64.75,71.5,79.5,52.3955,45.5,52.3,58.8,63,69.805,75.702,9.9224,10.0129,9.9224,10.0129,27.198,5.6765,8.013,12.726,1.7145,5.6795,6.0285,9.037,1.8505,28.2739,3.4125,0.7035,1.3455,1.598,10.0255,11.6235,0.757,0.042
Carmelo Anthony,POR,DAL,SF,15058762,29.0907,,,5600,5.194767857142857,0.051,,29.0907,23.25,28.5,34.25,38,43,50,28.2039,22.575,27.9,33.4,36.7,42.1,49,29.0907,23.25,28.5,34.25,38,43,50,28.2039,22.575,27.9,33.4,36.7,42.1,49,8.22884,8.14256,8.22884,8.14256,14.765,1.508,4.06067,9.45433,1.50433,4.042,2.13067,2.55533,2.681,35.4136,1.60233,0.706333,0.593667,1.374,6.02533,7.39933,0.175667,0
Al Horford,PHI,PHO,PF,15058728,32.5791,,,6300,5.171285714285714,0.06,,32.5791,26.5,32,38,41.25,47,54.75,31.9335,25.975,31.55,37.3,40.5,46.3,53.004,32.5791,26.5,32,38,41.25,47,54.75,31.9335,25.975,31.55,37.3,40.5,46.3,53.004,8.35373,8.34684,8.35373,8.34684,12.775,4.3705,3.4905,7.0275,1.5135,4.5045,1.2535,1.5395,1.76,32.2917,1.7915,0.694,0.9775,1.747,6.0695,7.8165,0.1785,0.002
Luka Doncic,DAL,POR,PG,15058621,55.8284,,,10800,5.169296296296296,0.549,,55.8284,48.25,55.75,63.5,67.5,74.75,82.0025,51.3048,44.3,51.4,58.2,62,68.605,76.601,55.8284,48.25,55.75,63.5,67.5,74.75,82.0025,51.3048,44.3,51.4,58.2,62,68.605,76.601,11.3048,10.4449,11.3048,10.4449,24.8733,10.5837,5.58067,11.3877,2.77,8.48567,5.402,7.28467,1.86367,35.414,3.91167,0.858,0.336667,1.164,7.90567,9.06967,0.754,0.264333
De'Anthony Melton,MEM,BOS,PG,15058971,20.1448,,,3900,5.165333333333333,0.032,,20.1448,15.75,19.75,24.25,27,31,37,20.1833,15.4,19.8,24.6,27.3,32,37.6,20.1448,15.75,19.75,24.25,27,31,37,20.1833,15.4,19.8,24.6,27.3,32,37.6,6.48047,6.95438,6.48047,6.95438,8.0195,3.3215,1.991,4.614,0.9015,3.1145,1.333,1.7985,2.05,22.331,1.726,1.085,0.451,0.7965,2.7865,3.583,0.003,0
Lonnie Walker IV,SA,HOU,SG,15058930,22.2095,,,4300,5.165,0.052,,22.2095,17.5,21.75,26.3125,29.25,33.7625,38.7525,21.8699,17.1,21.6,26.3,29.015,33.905,39.102,22.2095,17.5,21.75,26.3125,29.25,33.7625,38.7525,21.8699,17.1,21.6,26.3,29.015,33.905,39.102,6.70741,6.9258,6.70741,6.9258,11.4155,2.63,3.0885,7.1315,1.0405,2.728,2.117,2.7365,1.8425,26.2636,1.4895,0.687,0.4345,0.599,3.263,3.862,0.002,0
CJ McCollum,POR,DAL,PG,15058687,39.1856,,,7600,5.156,0.122,,39.1856,33,39,45.5,48.75,55,62,37.8757,31.7,37.7,43.9,47.4,53.1,59.401,39.1856,33,39,45.5,48.75,55,62,37.8757,31.7,37.7,43.9,47.4,53.1,59.401,9.35443,9.12861,9.35443,9.12861,20.708,5.81467,5.451,11.3807,2.70367,6.979,1.695,2.27567,2.53867,38.2707,1.59067,0.658333,0.600333,0.614,4.603,5.217,0.100333,0.00333333
Dillon Brooks,MEM,BOS,SG,15058780,27.756,,,5400,5.14,0.064,,27.756,22,27.75,33.5,36.75,42.75,48.75,26.7496,20.6,26.8,32.5,35.8,41.705,47.701,27.756,22,27.75,33.5,36.75,42.75,48.75,26.7496,20.6,26.8,32.5,35.8,41.705,47.701,8.8799,8.94206,8.8799,8.94206,17.9495,2.1405,4.5485,10.4275,2.098,6.0665,2.5585,3.1675,3.782,29.9099,2.0435,0.818,0.4135,0.8445,2.4375,3.282,0.002,0
Kemba Walker,BOS,MEM,PG,15058722,33.0978,,,6500,5.091969230769231,0.056,,33.0978,27.25,33,38.75,42,47.5,53.75,31.756,26,31.5,37.5,40.6,45.5,52.201,33.0978,27.25,33,38.75,42,47.5,53.75,31.756,26,31.5,37.5,40.6,45.5,52.201,8.44273,8.44263,8.44273,8.44263,17.577,5.217,3.0855,7.251,2.624,6.944,3.534,4.079,1.7485,32.9416,2.27,0.9145,0.434,0.5345,3.2805,3.815,0.035,0
Dario Saric,PHO,PHI,SF,15058889,22.8972,,,4500,5.088266666666667,0.036,,22.8972,18.25,22.25,27.25,29.75,35.25,40.75,22.0334,17.4,21.6,26.2,28.8,34.105,38.9,22.8972,18.25,22.25,27.25,29.75,35.25,40.75,22.0334,17.4,21.6,26.2,28.8,34.105,38.9,6.82268,6.70156,6.82268,6.70156,11.299,1.6015,3.112,5.4395,0.966,2.591,2.177,2.5405,1.7465,22.5084,1.2885,0.442,0.2345,1.4005,4.9255,6.326,0.0645,0
Kristaps Porzingis,DAL,POR,C,15058667,41.6581,,,8200,5.080256097560976,0.097,,41.6581,34.75,41.25,48,51.75,58.25,66.5025,41.6108,34.7,41.3,47.9,51.6,58.4,66.5,41.6581,34.75,41.25,48,51.75,58.25,66.5025,41.6108,34.7,41.3,47.9,51.6,58.4,66.5,9.84716,9.85794,9.84716,9.85794,19.801,2.17567,4.50567,9.86167,2.39133,6.70467,3.61567,4.40933,2.554,34.4835,1.27467,0.606333,2.28533,1.932,7.35633,9.28833,0.427667,0
Dorian Finney-Smith,DAL,POR,SF,15058831,25.3424,,,5000,5.06848,0.041,,25.3424,20,25,30.3125,33.75,38.75,44.0025,24.8346,19.6,24.6,29.8,32.815,38,42.8,25.3424,20,25,30.3125,33.75,38.75,44.0025,24.8346,19.6,24.6,29.8,32.815,38,42.8,7.66241,7.58605,7.66241,7.58605,10.177,2.17567,1.897,3.778,1.67033,4.33933,1.372,1.83167,2.801,32.4966,1.10733,0.661333,0.707,2.45667,4.54033,6.997,0.0916667,0
Devin Booker,PHO,PHI,PG,15058646,44.391,,,8800,5.044431818181818,0.27,,44.391,37.75,44.25,50.75,54.25,60.5,68.2525,41.5806,35.2,41.5,47.925,51.2,57.3,64.301,44.391,37.75,44.25,50.75,54.25,60.5,68.2525,41.5806,35.2,41.5,47.925,51.2,57.3,64.301,9.64581,9.47596,9.64581,9.47596,27.3305,6.814,6.835,12.7155,2.351,6.883,6.6075,7.231,2.2185,36.0628,4.0175,0.607,0.246,0.1925,4.3805,4.573,0.162,0.0025
Zach Collins,POR,DAL,PF,15058923,21.6903,,,4300,5.044255813953488,0.035,,21.6903,17.25,21.5,25.75,28.5,33,38.25,21.7388,17.1,21.4,26.1,28.8,33.6,38.601,21.6903,17.25,21.5,25.75,28.5,33,38.25,21.7388,17.1,21.4,26.1,28.8,33.6,38.601,6.48214,6.78533,6.48214,6.78533,7.67167,1.65767,2.31067,4.569,0.628333,1.86,1.16533,1.58167,2.878,27.3175,1.254,0.387,1.03867,2.67733,4.454,7.13133,0.053,0
Marcus Smart,BOS,MEM,PG,15058766,28.095,,,5600,5.016964285714286,0.051,,28.095,22.25,27.75,33.25,36.5,42,47.2575,28.1096,22.1,27.8,33.5,36.915,42.2,48.6,28.095,22.25,27.75,33.25,36.5,42,47.2575,28.1096,22.1,27.8,33.5,36.915,42.2,48.6,7.96877,8.28631,7.96877,8.28631,11.946,4.939,2.05,5.0825,1.9545,5.37,1.9825,2.41,2.583,29.6587,1.903,1.6165,0.523,0.621,2.912,3.533,0.013,0
Damian Lillard,POR,DAL,PG,15058631,49.1357,,,9800,5.01384693877551,0.223,,49.1357,42.4375,49,55.75,59.75,66.5125,74.5025,46.4092,39.8,46.1,52.9,56.6,62.805,71.001,49.1357,42.4375,49,55.75,59.75,66.5125,74.5025,46.4092,39.8,46.1,52.9,56.6,62.805,71.001,10.3497,9.89591,10.3497,9.89591,25.7193,9.28833,5.486,11.21,3.519,8.966,4.19033,4.75,1.77167,38.8175,2.58267,0.893,0.384333,0.425333,4.16467,4.59,0.465,0.00866667
DeMar DeRozan,SA,HOU,SF,15058672,40.0621,,,8000,5.0077625,0.091,,40.0621,34.25,40,46,49.25,54.75,61.5025,38.9343,33.1,38.9,44.8,48.3,53.505,60.4,40.0621,34.25,40,46,49.25,54.75,61.5025,38.9343,33.1,38.9,44.8,48.3,53.505,60.4,8.83667,8.90955,8.83667,8.90955,21.92,6.696,6.9225,12.6355,0.523,1.7795,6.506,7.6415,2.22,33.0676,2.8985,0.9045,0.2325,0.6355,4.746,5.3815,0.174,0.008
Jusuf Nurkic,POR,DAL,PF,15058637,44.884,,,9000,4.987111111111111,0.207,,44.884,38.25,45,51.75,55.75,61.5,68.5025,44.3099,37.3,44.4,51.4,55.215,61.505,68.701,44.884,38.25,45,51.75,55.75,61.5,68.5025,44.3099,37.3,44.4,51.4,55.215,61.505,68.701,10.392,10.5695,10.392,10.5695,16.428,4.77467,5.791,11.8077,0.485333,2.18267,3.39,4.23367,3.37133,33.9128,2.39367,0.884,1.756,3.63967,9.02167,12.6613,0.723667,0.0186667
Rudy Gay,SA,HOU,SF,15058746,28.8805,,,5800,4.979396551724138,0.06,,28.8805,23.75,28.5,33.5,36.2875,42.0125,49.255,27.8573,22.8,27.6,32.725,35.2,40.5,47.601,28.8805,23.75,28.5,33.5,36.2875,42.0125,49.255,27.8573,22.8,27.6,32.725,35.2,40.5,47.601,7.54001,7.49922,7.54001,7.49922,15.4365,2.2625,4.002,7.876,1.322,3.899,3.4665,4.0145,1.7085,25.9238,1.9575,0.5115,0.574,0.944,5.496,6.44,0.098,0
Jayson Tatum,BOS,MEM,SF,15058680,38.8054,,,7800,4.975051282051282,0.089,,38.8054,32.25,38.5,45.25,48.75,55,62.505,37.9161,31.3,37.5,44.2,47.715,54.4,62.605,38.8054,32.25,38.5,45.25,48.75,55,62.505,37.9161,31.3,37.5,44.2,47.715,54.4,62.605,9.5587,9.69942,9.5587,9.69942,21.252,3.5035,4.5425,10.091,2.847,6.725,3.626,4.543,1.7475,32.3955,2.4685,1.3395,0.8545,0.7105,5.369,6.0795,0.081,0
Sterling Brown,MIL,WAS,SG,15059438,14.7431,,,3000,4.914366666666667,0.045,,14.7431,10.75,14.5,18.25,20.5,24.5,28.5,14.2937,10.3,14,18,20.2,23.705,27.801,14.7431,10.75,14.5,18.25,20.5,24.5,28.5,14.2937,10.3,14,18,20.2,23.705,27.801,5.47832,5.54013,5.47832,5.54013,6.9715,1.3965,1.338,2.905,1.063,2.9895,1.1065,1.4535,1.2345,16.5848,0.942,0.463,0.2585,0.474,2.8635,3.3375,0.001,0
Moritz Wagner,WAS,MIL,PF,15059091,15.7185,,,3200,4.91203125,0.031,,15.7185,12,15.5,19.25,21.5,25.25,30.25,15.4231,11.3,15.2,19.3,21.6,25.6,30.604,15.7185,12,15.5,19.25,21.5,25.25,30.25,15.4231,11.3,15.2,19.3,21.6,25.6,30.604,5.65923,5.92541,5.65923,5.92541,7.8465,1.114,2.493,4.6845,0.4015,1.325,1.656,2.0225,2.31,15.0975,1.382,0.415,0.391,1.2395,2.8185,4.058,0.0045,0
Frank Mason III,MIL,WAS,PG,15059446,14.7335,,,3000,4.9111666666666665,0.031,,14.7335,11,14.5,18,20.25,23.75,28.2525,14.0379,10.2,13.8,17.5,19.615,23.4,27.501,14.7335,11,14.5,18,20.25,23.75,28.2525,14.0379,10.2,13.8,17.5,19.615,23.4,27.501,5.30504,5.47988,5.30504,5.47988,7.2925,3.1905,1.974,3.4905,0.7105,2.5905,1.213,1.6535,0.8885,14.055,1.598,0.4025,0.137,0.2815,1.3345,1.616,0,0
Anthony Tolliver,MEM,BOS,PF,15059032,17.098,,,3500,4.885142857142857,0.041,,17.098,12.75,16.75,20.75,23.5,27.7625,33.5,16.7202,11.9,16.5,20.6,23.5,27.5,32.8,17.098,12.75,16.75,20.75,23.5,27.7625,33.5,16.7202,11.9,16.5,20.6,23.5,27.5,32.8,6.13008,6.32191,6.13008,6.32191,6.793,1.368,1.107,2.443,1.04,2.8835,1.459,1.8955,2.0475,26.3947,1.363,0.518,0.565,0.8495,4.1415,4.991,0.0065,0
Ja Morant,MEM,BOS,PG,15058664,40.4371,,,8300,4.871939759036144,0.096,,40.4371,33.5,40.5,47.0625,50.75,56.5,62.75,37.9138,31.3,38,44.425,48,53.8,58.501,40.4371,33.5,40.5,47.0625,50.75,56.5,62.75,37.9138,31.3,38,44.425,48,53.8,58.501,9.83969,9.60963,9.83969,9.60963,20.227,8.732,5.6765,12.083,1.704,5.1835,3.762,4.7855,1.799,35.7371,4.1355,0.88,0.2935,0.743,3.5935,4.3365,0.3645,0.0045
Robert Covington,HOU,SA,SF,15058715,32.4367,,,6700,4.841298507462687,0.061,,32.4367,25.75,32,38.75,42.5,49,55.5025,32.7294,26,32.2,39.2,42.815,49.705,56.801,32.4367,25.75,32,38.75,42.5,49,55.5025,32.7294,26,32.2,39.2,42.815,49.705,56.801,9.61712,9.79881,9.61712,9.79881,14.0965,1.297,2.3825,4.276,2.4675,7.1935,1.929,2.5025,3.8145,32.7947,1.6165,1.496,1.5305,1.154,6.533,7.687,0.205,0
Grayson Allen,MEM,BOS,SG,15058927,20.7346,,,4300,4.822,0.04,,20.7346,15.75,20.25,25.25,28.25,32.75,38.5,19.3626,14.4,18.9,23.9,26.815,31.1,36.3,20.7346,15.75,20.25,25.25,28.25,32.75,38.5,19.3626,14.4,18.9,23.9,26.815,31.1,36.3,6.96131,6.8275,6.96131,6.8275,12.4155,2.007,2.125,4.2895,2.063,5.043,1.9765,2.2685,2.478,27.9931,1.743,0.4465,0.2365,0.2835,2.742,3.0255,0.0005,0
Daniel Theis,BOS,MEM,C,15058788,25.7609,,,5400,4.770537037037037,0.034,,25.7609,20.75,25.5,30.75,33.75,39,44.25,26.3429,21,26,31.5,34.5,39.905,46.101,25.7609,20.75,25.5,30.75,33.75,39,44.25,26.3429,21,26,31.5,34.5,39.905,46.101,7.73596,8.07092,7.73596,8.07092,9.6705,2.374,3.061,5.1045,0.6755,1.905,1.522,1.937,3.7645,27.7637,1.099,0.554,1.403,2.503,4.4465,6.9495,0.0935,0
Lance Thomas,BKN,ORL,PF,15059130,14.7721,,,3100,4.765193548387097,0.044,,14.7721,10.75,14.5,18.3125,20.5,24,28.75,14.1844,10.3,13.8,17.8,19.9,23.4,27.701,14.7721,10.75,14.5,18.3125,20.5,24,28.75,14.1844,10.3,13.8,17.8,19.9,23.4,27.701,5.43998,5.45231,5.43998,5.45231,7.485,1.0185,1.748,3.705,0.9045,3.12,1.2755,1.642,2.4755,24.0404,0.931,0.35,0.172,0.56,3.2205,3.7805,0.002,0
Gordon Hayward,BOS,MEM,SF,15058705,33.1744,,,7000,4.7392,0.073,,33.1744,27.5,33,38.5,41.75,46.75,53.5025,32.1477,26.6,32.1,37.7,40.7,45.81,52.004,33.1744,27.5,33,38.5,41.75,46.75,53.5025,32.1477,26.6,32.1,37.7,40.7,45.81,52.004,8.2887,8.23294,8.2887,8.23294,16.5365,4.0275,4.3535,8.5905,1.6655,4.34,2.833,3.3445,1.4445,33.2284,1.945,0.775,0.4875,1.1475,5.292,6.4395,0.105,0.0015
Hassan Whiteside,POR,DAL,C,15058938,19.8432,,,4200,4.724571428571429,0.025,,19.8432,15.5,19.5,23.75,26.25,31,37,20.4075,15.7,20.2,24.7,27.1,31.9,38.101,19.8432,15.5,19.5,23.75,26.25,31,37,20.4075,15.7,20.2,24.7,27.1,31.9,38.101,6.37539,6.76371,6.37539,6.76371,7.48633,0.576667,2.92633,4.837,0.272,0.675333,0.817667,1.30667,1.16567,15.4553,0.79,0.15,1.367,2.13467,4.778,6.91267,0.0506667,0
Nemanja Bjelica,SAC,NO,PF,15058844,23.1493,,,4900,4.72434693877551,0.038,,23.1493,18.25,22.75,27.5,30,35,40.0025,22.6322,17.9,22.1,27.1,29.7,34.5,40.001,23.1493,18.25,22.75,27.5,30,35,40.0025,22.6322,17.9,22.1,27.1,29.7,34.5,40.001,6.79137,6.83067,6.79137,6.83067,10.0765,2.2155,2.2895,4.1415,1.4825,3.485,1.05,1.3185,2.082,22.0317,1.18,0.671,0.483,1.2215,4.5705,5.792,0.0335,0
Tobias Harris,PHI,PHO,SF,15058656,39.1089,,,8500,4.6010470588235295,0.126,,39.1089,32.5,38.75,45.25,48.75,55.0125,63.5,37.5174,31.4,37.2,43.5,47,53,61.003,39.1089,32.5,38.75,45.25,48.75,55.0125,63.5,37.5174,31.4,37.2,43.5,47,53,61.003,9.48226,9.26975,9.48226,9.26975,21.5685,3.341,5.888,12.616,2.3555,6.722,2.726,3.3715,2.1165,34.9784,1.854,0.7095,0.5285,1.488,6.0765,7.5645,0.231,0
Marco Belinelli,SA,HOU,SF,15059084,14.723,,,3200,4.6009375,0.032,,14.723,10.75,14.25,18.25,20.75,24.5,30.25,13.9146,9.9,13.4,17.4,19.7,23.1,28.301,14.723,10.75,14.25,18.25,20.75,24.5,30.25,13.9146,9.9,13.4,17.4,19.7,23.1,28.301,5.63955,5.41791,5.63955,5.41791,8.362,1.4375,1.6365,3.4355,1.1875,3.11,1.5265,1.754,0.9135,18.2335,0.6815,0.233,0.0315,0.1735,2.5635,2.737,0.001,0
Tim Hardaway Jr.,DAL,POR,SG,15058750,26.2092,,,5700,4.598105263157895,0.062,,26.2092,20.75,25.875,31.5,34.25,39.5,46.005,24.676,19.4,24.5,29.7,32.4,37.605,43.801,26.2092,20.75,25.875,31.5,34.25,39.5,46.005,24.676,19.4,24.5,29.7,32.4,37.605,43.801,7.8619,7.54597,7.8619,7.54597,16.1707,1.89133,2.57133,5.812,3.023,7.28367,1.959,2.38967,1.89633,33.7944,1.09867,0.637,0.0866667,0.322333,3.50767,3.83,0.003,0
Gary Trent Jr.,POR,DAL,SG,15058826,23.3347,,,5100,4.57543137254902,0.044,,23.3347,18,23,28,31,36.5,43.2525,23.1738,17.9,22.7,28.2,30.7,36.2,42.902,23.3347,18,23,28,31,36.5,43.2525,23.1738,17.9,22.7,28.2,30.7,36.2,42.902,7.57923,7.56808,7.57923,7.56808,13.5083,1.78733,2.47133,5.11333,2.41533,5.58967,1.31967,1.68233,2.14533,33.4356,0.398333,1.01533,0.366,0.694333,2.00467,2.699,0.000333333,0
Jaylen Brown,BOS,MEM,SG,15058702,32.2875,,,7100,4.547535211267606,0.087,,32.2875,26,32,38.25,41.5,47.25,54.0025,31.2619,25,31,37.2,40.615,46.7,52.801,32.2875,26,32,38.25,41.5,47.25,54.0025,31.2619,25,31,37.2,40.615,46.7,52.801,9.00322,9.02562,9.00322,9.02562,19.038,1.7595,4.2995,8.912,2.4425,6.145,3.1115,4.3505,2.871,33.3731,2.175,1.221,0.4265,1.1725,4.5085,5.681,0.0535,0
Maxi Kleber,DAL,POR,PF,15058882,20.4527,,,4500,4.545044444444445,0.027,,20.4527,15.75,20,24.75,27.5,32.25,37.75,20.6556,15.6,20.2,25,28,33.2,38.202,20.4527,15.75,20,24.75,27.5,32.25,37.75,20.6556,15.6,20.2,25,28,33.2,38.202,6.70131,6.97539,6.70131,6.97539,8.237,1.49767,1.561,2.85967,1.367,3.52967,1.014,1.24067,2.219,26.0528,0.845333,0.314,1.27767,1.33033,3.87167,5.202,0.015,0
Drew Eubanks,SA,HOU,PF,15058991,17.1656,,,3800,4.517263157894737,0.03,,17.1656,13.1875,16.75,20.75,23.25,27.0125,31.0025,17.1115,12.7,16.7,21.2,23.6,27.705,32.402,17.1656,13.1875,16.75,20.75,23.25,27.0125,31.0025,17.1115,12.7,16.7,21.2,23.6,27.705,32.402,5.69158,6.18347,5.69158,6.18347,7.1345,1.2005,2.6875,4.1195,0.1575,0.4335,1.287,1.7275,2.02,17.0249,1.701,0.311,0.85,1.7255,3.603,5.3285,0.013,0
Glenn Robinson III,PHI,PHO,SF,15058988,17.1076,,,3800,4.502000000000001,0.034,,17.1076,12.75,16.75,20.75,23.5,27.5,33,16.7489,12.3,16.4,20.6,23.3,26.9,32.4,17.1076,12.75,16.75,20.75,23.5,27.5,33,16.7489,12.3,16.4,20.6,23.3,26.9,32.4,5.91787,5.98627,5.91787,5.98627,9.0865,1.4305,2.4185,4.545,1.048,2.71,1.1055,1.277,1.1715,21.0587,0.8835,0.5445,0.2335,0.8225,2.566,3.3885,0.001,0
Cameron Payne,PHO,PHI,PG,15058962,17.8364,,,4000,4.4591,0.029,,17.8364,13.75,17.5,21.5,24,27.7625,32.5,17.5204,13.4,17.1,21.3,23.9,27.7,32.3,17.8364,13.75,17.5,21.5,24,27.7625,32.5,17.5204,13.4,17.1,21.3,23.9,27.7,32.3,5.7757,5.96423,5.7757,5.96423,8.1035,3.227,2.1535,4.3935,0.8945,2.557,1.113,1.3645,1.6005,19.1779,1.252,0.6265,0.2625,0.277,2.3575,2.6345,0,0
Robert Williams,BOS,MEM,C,15059061,14.4616,,,3300,4.382303030303031,0.02,,14.4616,10.5,14.25,18,20,24,28.2525,15.5627,11.075,15.2,19.7,22.1,26.4,31.801,14.4616,10.5,14.25,18,20,24,28.2525,15.5627,11.075,15.2,19.7,22.1,26.4,31.801,5.41474,6.23444,5.41474,6.23444,5,0.783,1.8965,2.976,0.157,0.365,0.736,1.0245,1.69,13.4502,0.669,0.5735,1.1455,1.466,2.6175,4.0835,0.0005,0
Vic Law,ORL,BKN,PF,15059155,13.03,,,3000,4.343333333333334,0.04,,13.03,9.5,12.75,16.25,18.25,21.5125,25.5,13.0773,9.3,12.7,16.6,18.6,22.1,26.601,13.03,9.5,12.75,16.25,18.25,21.5125,25.5,13.0773,9.3,12.7,16.6,18.6,22.1,26.601,4.91225,5.21228,4.91225,5.21228,5.5675,1.162,1.684,3.167,0.3745,1.0865,1.076,1.483,0.8625,13.9784,0.715,0.3555,0.4115,0.9105,2.5735,3.484,0.0005,0
Trey Burke,DAL,POR,PG,15058959,16.9799,,,4000,4.244975,0.03,,16.9799,12.75,16.5,20.75,23.25,27.5,32.2525,16.4858,12.2,16.1,20.2,22.7,26.7,31.803,16.9799,12.75,16.5,20.75,23.25,27.5,32.2525,16.4858,12.2,16.1,20.2,22.7,26.7,31.803,5.92904,5.87349,5.92904,5.87349,8.73367,3.023,1.842,4.24767,1.299,3.252,1.15267,1.383,0.928333,18.4962,0.644,0.465,0.102333,0.423667,1.376,1.79967,0,0
Jabari Parker,SAC,NO,PF,15059127,13.1342,,,3100,4.23683870967742,0.037,,13.1342,9.5,13,16.5,18.25,21.5,26.2525,12.9249,9.2,12.8,16.2,18.415,21.8,26.201,13.1342,9.5,13,16.5,18.25,21.5,26.2525,12.9249,9.2,12.8,16.2,18.415,21.8,26.201,4.99421,5.18562,4.99421,5.18562,7.074,0.9685,2.2235,3.879,0.5195,1.7285,1.0685,1.474,0.925,11.3836,0.9035,0.416,0.228,0.6785,2.1295,2.808,0.001,0
Ersan Ilyasova,MIL,WAS,PF,15059028,14.592,,,3500,4.169142857142857,0.025,,14.592,10.75,14.25,18,20,23.5,28.0025,14.3336,10.6,14,17.725,20,23.505,28.6,14.592,10.75,14.25,18,20,23.5,28.0025,14.3336,10.6,14,17.725,20,23.505,28.6,5.22495,5.34837,5.22495,5.34837,6.562,0.7555,1.557,3.0155,0.7165,1.8005,1.2985,1.61,1.6315,14.8105,0.738,0.2795,0.4145,0.784,3.628,4.412,0.003,0
Mike Scott,PHI,PHO,PF,15059010,14.8561,,,3600,4.126694444444444,0.035,,14.8561,11,14.5,18,20.25,24.5,28.7525,14.4163,10.7,14.1,17.5,19.8,23.8,28.7,14.8561,11,14.5,18,20.25,24.5,28.7525,14.4163,10.7,14.1,17.5,19.8,23.8,28.7,5.2576,5.22548,5.2576,5.22548,5.891,1.4135,1.361,2.8915,0.8745,2.3265,0.5455,0.7065,1.3985,16.6649,0.507,0.323,0.162,1.3265,3.221,4.5475,0.0045,0
B.J. Johnson,ORL,BKN,SG,15059152,12.3079,,,3000,4.102633333333333,0.018,,12.3079,8.25,12,15.75,18,22,26.5,12.0514,7.9,11.7,15.8,17.9,22.2,27.601,12.3079,8.25,12,15.75,18,22,26.5,12.0514,7.9,11.7,15.8,17.9,22.2,27.601,5.43205,5.75277,5.43205,5.75277,6.4585,0.7595,1.8725,3.435,0.629,1.7005,0.8265,1.0925,0.4955,13.9741,1.327,0.545,0.3105,0.513,2.1655,2.6785,0,0
Kenrich Williams,NO,SAC,PF,15059140,12.5197,,,3100,4.038612903225807,0.029,,12.5197,9,12.25,15.75,17.5,20.7625,25,12.4823,9,12.2,15.7,17.5,21.405,25.001,12.5197,9,12.25,15.75,17.5,20.7625,25,12.4823,9,12.2,15.7,17.5,21.405,25.001,4.7588,4.99388,4.7588,4.99388,3.985,1.331,0.88,1.681,0.599,1.9515,0.428,0.7775,1.252,16.9304,0.722,0.4705,0.3515,1.0235,2.9405,3.964,0.0005,0
Brad Wanamaker,BOS,MEM,PG,15059023,13.9508,,,3600,3.875222222222222,0.025,,13.9508,10.25,14,17.25,19.25,23.0125,27,13.9781,10,13.75,17.525,19.8,23.7,28.202,13.9508,10.25,14,17.25,19.25,23.0125,27,13.9781,10,13.75,17.525,19.8,23.7,28.202,5.21532,5.60884,5.21532,5.60884,6.4525,2.175,1.5815,3.2105,0.56,1.5015,1.6095,1.7545,1.786,16.7894,1.1795,0.796,0.203,0.343,1.695,2.038,0,0
Gorgui Dieng,MEM,BOS,C,15059039,13.1026,,,3400,3.853705882352941,0.022,,13.1026,9.5,12.75,16.5,18.25,22,26.5025,13.3363,9.4,13.1,16.8,19.2,23.1,28.501,13.1026,9.5,12.75,16.5,18.25,22,26.5025,13.3363,9.4,13.1,16.8,19.2,23.1,28.501,5.17915,5.59229,5.17915,5.59229,5.2575,0.773,1.478,2.744,0.467,1.2905,0.9005,1.176,1.1085,12.6772,0.884,0.3885,0.71,0.9855,2.771,3.7565,0.001,0
Delon Wright,DAL,POR,PG,15059015,13.7631,,,3600,3.8230833333333334,0.022,,13.7631,10,13.5,17,19,22.75,27.25,13.8257,10,13.5,17.4,19.4,23.4,27.9,13.7631,10,13.5,17,19,22.75,27.25,13.8257,10,13.5,17.4,19.4,23.4,27.9,5.19014,5.47168,5.19014,5.47168,4.30433,2.55033,0.940667,2.19367,0.608333,1.56633,0.598,0.772,0.941333,15.3276,0.860333,0.685,0.266667,0.646333,2.438,3.08433,0.000333333,0
Mario Hezonja,POR,DAL,SF,15059044,12.8698,,,3400,3.785235294117647,0.024,,12.8698,9.25,12.5,16,18.5,21.75,26.75,12.6989,8.9,12.25,16.1,18.5,22.305,27,12.8698,9.25,12.5,16,18.5,21.75,26.75,12.6989,8.9,12.25,16.1,18.5,22.305,27,5.21572,5.41234,5.21572,5.41234,5.13933,1.35567,1.363,2.67633,0.528,1.582,0.829333,1.01567,1.58333,15.5476,0.864333,0.523333,0.180667,0.555667,3.00967,3.56533,0.000333333,0
Eric Bledsoe,MIL,WAS,PG,15058777,19.482,,,5500,3.542181818181818,0.036,,19.482,15.25,19.25,23.25,25.75,29.75,33.75,19.0777,14.7,18.9,22.9,25.6,29.6,33.704,19.482,15.25,19.25,23.25,25.75,29.75,33.75,19.0777,14.7,18.9,22.9,25.6,29.6,33.704,5.89886,6.19022,5.89886,6.19022,8.549,4.0125,2.313,4.2235,0.7305,1.959,1.7315,2.3,1.0985,17.2692,1.698,0.632,0.3205,0.3815,2.4105,2.792,0.002,0
Jerian Grant,WAS,MIL,PG,15059260,10.476,,,3000,3.492,0.027,,10.476,7,10,13.5,15.25,18.5,22.25,10.3515,6.7,10,13.7,15.415,18.6,22.1,10.476,7,10,13.5,15.25,18.5,22.25,10.3515,6.7,10,13.7,15.415,18.6,22.1,4.61065,4.80699,4.61065,4.80699,4.5635,2.2,1.062,2.3845,0.5545,1.5505,0.776,1.062,1.1315,11.8757,0.7655,0.493,0.1035,0.2745,0.9455,1.22,0,0
Michael Frazier,HOU,SA,PG,15059334,10.4496,,,3000,3.4832,0.017,,10.4496,6.75,10.25,13.5625,15.5375,19.5,23.5,9.94845,6.4,9.7,13.2,15,18.5,22.9,10.4496,6.75,10.25,13.5625,15.5375,19.5,23.5,9.94845,6.4,9.7,13.2,15,18.5,22.9,5.02555,5.01047,5.02555,5.01047,5.9415,1.0205,0.8625,1.9775,1.0475,2.834,1.074,1.4295,3.747,20.8977,0.8115,0.4465,0.056,0.1665,1.317,1.4835,0,0
Brook Lopez,MIL,WAS,C,15058802,17.7779,,,5300,3.354320754716981,0.023,,17.7779,13.5,17.5,21.5,24,28.5,33.505,19.2114,14.6,19,23.5,26,31.005,37.5,17.7779,13.5,17.5,21.5,24,28.5,33.505,19.2114,14.6,19,23.5,26,31.005,37.5,6.10501,6.82939,6.10501,6.82939,8.5375,0.753,2.047,3.7225,0.8385,2.423,1.928,2.3735,1.591,17.0499,0.751,0.413,1.949,0.655,2.0195,2.6745,0,0
Admiral Schofield,WAS,MIL,SF,15059280,9.906,,,3000,3.302,0.016,,9.906,6.5,9.5,13,14.75,18.25,22.25,9.77945,6.375,9.4,12.7,14.6,18.2,22.3,9.906,6.5,9.5,13,14.75,18.25,22.25,9.77945,6.375,9.4,12.7,14.6,18.2,22.3,4.64267,4.70639,4.64267,4.70639,4.585,1.0425,0.974,1.998,0.723,2.1995,0.468,0.578,1.708,14.3168,0.395,0.378,0.1555,0.4715,1.5495,2.021,0,0
Yogi Ferrell,SAC,NO,PG,15059240,9.775,,,3000,3.2583333333333333,0.015,,9.775,6.5,9.25,12.75,14.5,18,22.5,9.46025,6.2,9,12.4,14.2,17.9,22.103,9.775,6.5,9.25,12.75,14.5,18,22.5,9.46025,6.2,9,12.4,14.2,17.9,22.103,4.68726,4.76055,4.68726,4.76055,4.748,1.9085,1.0705,2.277,0.599,1.8675,0.81,0.916,0.685,11.0259,0.6585,0.3015,0.0705,0.1485,1.0115,1.16,0,0
Robin Lopez,MIL,WAS,C,15059436,9.58488,,,3000,3.1949599999999996,0.014,,9.58488,6.25,9.25,12.5,14.25,17.25,21.5,9.692,6.075,9.3,13,14.8,18.1,22.801,9.58488,6.25,9.25,12.5,14.25,17.25,21.5,9.692,6.075,9.3,13,14.8,18.1,22.801,4.45827,4.88829,4.45827,4.88829,4.354,0.919,1.2195,2.114,0.459,1.101,0.538,0.835,0.9485,13.3238,1.019,0.145,0.7915,0.611,1.1965,1.8075,0,0
D.J. Wilson,MIL,WAS,PF,15059452,9.30587,,,3000,3.101956666666667,0.026,,9.30587,6.25,9,11.8125,13.75,17,20.5025,8.9966,6,8.7,11.4,13.6,16.9,20.101,9.30587,6.25,9,11.8125,13.75,17,20.5025,8.9966,6,8.7,11.4,13.6,16.9,20.101,4.22212,4.22993,4.22212,4.22993,4.4625,0.778,1.1365,2.2,0.5345,1.4945,0.586,0.8645,0.9395,9.92945,0.4915,0.1275,0.1965,0.4245,1.981,2.4055,0,0
Shabazz Napier,WAS,MIL,PG,15058895,13.6465,,,4400,3.101477272727273,0.015,,13.6465,9.75,13.25,17.25,19.25,23.5,28.2525,13.1546,9.2,12.7,16.7,19.1,23.005,27.701,13.6465,9.75,13.25,17.25,19.25,23.5,28.2525,13.1546,9.2,12.7,16.7,19.1,23.005,27.701,5.51037,5.68131,5.51037,5.68131,6.7415,2.5505,1.48,3.3185,0.736,2.2115,1.5735,1.928,1.0175,13.1179,1.4305,0.545,0.1295,0.3545,1.3075,1.662,0,0
Chris Clemons,HOU,SA,PG,15059345,8.68637,,,3000,2.895456666666667,0.006,,8.68637,5,8.25,11.75,13.75,18,22.0025,8.2328,4.7,7.7,11,13.2,17.2,21.101,8.68637,5,8.25,11.75,13.75,18,22.0025,8.2328,4.7,7.7,11,13.2,17.2,21.101,4.94515,4.77981,4.94515,4.77981,4.7045,1.388,0.659,1.3195,0.989,2.4405,0.4195,0.4925,0.5665,8.00902,0.5235,0.2255,0.1165,0.107,0.6795,0.7865,0,0
Norvel Pelle,PHI,PHO,C,15059188,8.48675,,,3000,2.8289166666666667,0.011,,8.48675,5.5,8.25,11,12.75,15.5,18.7525,8.6037,5.4,8.4,11.6,13.3,16.6,20.5,8.48675,5.5,8.25,11,12.75,15.5,18.7525,8.6037,5.4,8.4,11.6,13.3,16.6,20.5,4.09771,4.57272,4.09771,4.57272,2.9065,0.485,0.964,1.8685,0.1565,0.4665,0.509,0.7885,1.517,9.74307,1.057,0.146,0.7205,0.744,2.112,2.856,0,0
Raul Neto,PHI,PHO,PG,15059190,8.374,,,3000,2.791333333333333,0.012,,8.374,5.25,8,11.25,13,16.2625,19.7525,7.92055,4.6,7.4,10.9,12.7,15.71,19.7,8.374,5.25,8,11.25,13,16.2625,19.7525,7.92055,4.6,7.4,10.9,12.7,15.71,19.7,4.37434,4.51,4.37434,4.51,4.012,1.7495,0.932,2.081,0.516,1.38,0.6,0.7115,0.9465,10.7314,1.1115,0.3155,0.0935,0.146,0.828,0.974,0,0
George Hill,MIL,WAS,PG,15058965,10.8481,,,3900,2.7815641025641025,0.024,,10.8481,7.75,10.5,13.75,15.5,18.75,22.5,10.5403,7.4,10.2,13.425,15.4,18.7,22.301,10.8481,7.75,10.5,13.75,15.5,18.75,22.5,10.5403,7.4,10.2,13.425,15.4,18.7,22.301,4.46851,4.5637,4.46851,4.5637,4.7235,2.0655,0.938,1.6325,0.6735,1.5615,0.827,0.973,0.9455,13.129,0.7665,0.411,0.0845,0.4365,1.229,1.6655,0,0
Khris Middleton,MIL,WAS,SF,15058684,21.3759,,,7700,2.776090909090909,0.055,,21.3759,17,21.25,25.5,27.75,32.25,37.5,20.2314,15.875,20.1,24.3,26.7,30.905,35.506,21.3759,17,21.25,25.5,27.75,32.25,37.5,20.2314,15.875,20.1,24.3,26.7,30.905,35.506,6.30401,6.22346,6.30401,6.22346,11.342,3.1605,2.6145,4.569,1.3725,3.232,1.9955,2.2125,1.2915,18.0971,1.5015,0.395,0.077,0.316,3.2125,3.5285,0.002,0
Enes Kanter,BOS,MEM,C,15059101,8.60275,,,3200,2.688359375,0.01,,8.60275,5.75,8.25,11,13,15.75,18.75,8.6119,5.6,8.3,11.125,13.2,16.4,19.4,8.60275,5.75,8.25,11,13,15.75,18.75,8.6119,5.6,8.3,11.125,13.2,16.4,19.4,4.00838,4.26346,4.00838,4.26346,3.2095,0.466,1.1455,2.1385,0.121,0.3615,0.5555,0.7725,0.6695,7.55899,0.5325,0.2,0.2925,1.4555,1.6765,3.132,0,0
Semi Ojeleye,BOS,MEM,PF,15059375,7.66275,,,3000,2.55425,0.02,,7.66275,4.5,7.25,10.25,12.25,15.5,19,7.5592,4.4,7.2,10.2,12.1,15.2,18.6,7.66275,4.5,7.25,10.25,12.25,15.5,19,7.5592,4.4,7.2,10.2,12.1,15.2,18.6,4.18225,4.17359,4.18225,4.17359,3.238,0.537,0.5425,1.079,0.5595,1.397,0.4745,0.615,1.052,11.5201,0.207,0.241,0.1455,0.34,1.796,2.136,0,0
Marvin Williams,MIL,WAS,PF,15059063,7.92375,,,3300,2.401136363636364,0.01,,7.92375,4.75,7.5,10.5,12.25,15.5,19.25,8.1987,4.9,7.7,11.1,12.9,16.5,20.601,7.92375,4.75,7.5,10.5,12.25,15.5,19.25,8.1987,4.9,7.7,11.1,12.9,16.5,20.601,4.12443,4.49438,4.12443,4.49438,2.4865,0.693,0.491,0.889,0.3635,0.987,0.414,0.4885,0.994,11.5081,0.4735,0.3075,0.4995,0.4535,1.8175,2.271,0,0
Thanasis Antetokounmpo,MIL,WAS,PF,15059449,6.05162,,,3000,2.0172066666666666,0.008,,6.05162,3.5,5.75,8.25,9.75,12.0125,15.25,6.0611,3.2,5.7,8.5,10.2,12.6,16.4,6.05162,3.5,5.75,8.25,9.75,12.0125,15.25,6.0611,3.2,5.7,8.5,10.2,12.6,16.4,3.48137,3.79112,3.48137,3.79112,2.5155,0.793,0.6905,1.242,0.1595,0.4865,0.656,0.9315,0.5255,5.63953,0.679,0.2615,0.232,0.504,0.7915,1.2955,0,0
Justin James,SAC,NO,SG,15059243,5.92763,,,3000,1.9758766666666667,0.011,,5.92763,3.25,5.5,8.25,9.75,12.25,15.5,5.9259,3.2,5.6,8.4,9.9,12.5,15.5,5.92763,3.25,5.5,8.25,9.75,12.25,15.5,5.9259,3.2,5.6,8.4,9.9,12.5,15.5,3.61107,3.71937,3.61107,3.71937,2.6565,0.865,0.634,1.4675,0.351,0.963,0.3355,0.4915,0.353,6.06028,0.3105,0.1575,0.2195,0.1395,0.82,0.9595,0,0
Boban Marjanovic,DAL,POR,C,15059013,6.70325,,,3600,1.8620138888888889,0.005,,6.70325,3.75,6.5,9.25,10.75,13.75,17.5025,6.68117,3.6,6.4,9.2,10.8,13.805,17.801,6.70325,3.75,6.5,9.25,10.75,13.75,17.5025,6.68117,3.6,6.4,9.2,10.8,13.805,17.801,3.93055,4.06734,3.93055,4.06734,2.84533,0.268333,0.910333,1.67,0.163333,0.460667,0.534667,0.669667,0.381333,5.10122,0.321667,0.125333,0.209667,0.894333,1.39733,2.29167,0,0
Jahlil Okafor,NO,SAC,C,15059430,5.36725,,,3000,1.7890833333333334,0.008,,5.36725,3.25,5,7.5,8.75,11,13.75,5.33765,3,5,7.5,9,11.4,14.5,5.36725,3.25,5,7.5,8.75,11,13.75,5.33765,3,5,7.5,9,11.4,14.5,3.23678,3.44629,3.23678,3.44629,2.471,0.5345,0.946,1.586,0.0485,0.14,0.4335,0.6335,0.3945,5.17907,0.4305,0.0965,0.1825,0.4735,0.9085,1.382,0,0
Kyle Korver,MIL,WAS,SG,15059103,5.38487,,,3200,1.682771875,0.01,,5.38487,2.75,4.75,7.75,9.25,12,15.2525,5.0763,2.5,4.5,7.2,8.9,11.7,14.504,5.38487,2.75,4.75,7.75,9.25,12,15.2525,5.0763,2.5,4.5,7.2,8.9,11.7,14.504,3.61954,3.53292,3.61954,3.53292,2.7605,0.61,0.303,0.5365,0.6205,1.393,0.293,0.351,0.5065,5.96823,0.398,0.1535,0.0915,0.0865,0.8,0.8865,0,0
Justin Jackson,DAL,POR,SF,15059087,5.31267,,,3200,1.660209375,0.015,,5.31267,2.75,4.75,7.3125,8.75,11.5,15,5.1677,2.7,4.7,7.2,8.7,11.4,14.801,5.31267,2.75,4.75,7.3125,8.75,11.5,15,5.1677,2.7,4.7,7.2,8.7,11.4,14.801,3.43657,3.38951,3.43657,3.38951,2.58767,0.384333,0.593333,1.32167,0.349,1.044,0.354,0.444333,0.559,7.88031,0.114667,0.094,0.0616667,0.21,1.166,1.376,0,0
Quinndary Weatherspoon,SA,HOU,SG,15059177,4.75863,,,3000,1.5862100000000001,0.012,,4.75863,2.5,4.25,6.75,8.25,10.75,13.75,4.70195,2.2,4.2,6.8,8.4,11.2,14,4.75863,2.5,4.25,6.75,8.25,10.75,13.75,4.70195,2.2,4.2,6.8,8.4,11.2,14,3.23809,3.45002,3.23809,3.45002,1.8175,1.1105,0.458,0.951,0.177,0.4835,0.3705,0.448,0.4665,5.98121,0.4685,0.178,0.121,0.1115,0.547,0.6585,0,0
Kyle O'Quinn,PHI,PHO,C,15059183,4.133,,,3000,1.3776666666666666,0.004,,4.133,2,3.75,6,7.25,9.5,12.5,4.1829,1.7,3.7,6.2,7.7,10.2,13.6,4.133,2,3.75,6,7.25,9.5,12.5,4.1829,1.7,3.7,6.2,7.7,10.2,13.6,3.00416,3.31878,3.00416,3.31878,1.109,0.543,0.3835,0.741,0.0675,0.228,0.1395,0.2065,0.4675,4.04275,0.434,0.069,0.298,0.474,0.853,1.327,0,0
Wesley Matthews,MIL,WAS,SG,15059047,3.61825,,,3400,1.0641911764705883,0.004,,3.61825,1.25,3.25,5.25,6.5375,9,12.25,3.469,1.2,3,5.2,6.2,8.705,11.702,3.61825,1.25,3.25,5.25,6.5375,9,12.25,3.469,1.2,3,5.2,6.2,8.705,11.702,2.887,2.82261,2.887,2.82261,1.818,0.349,0.197,0.436,0.383,0.999,0.275,0.3485,0.4585,6.0658,0.1925,0.1265,0.0455,0.1335,0.5365,0.67,0,0
Frank Kaminsky,PHO,PHI,C,15059351,3.10175,,,3000,1.0339166666666666,0.001,,3.10175,1.25,2.75,4.75,6,8,10.25,3.0201,1.2,2.7,4.5,5.7,7.9,10.2,3.10175,1.25,2.75,4.75,6,8,10.25,3.0201,1.2,2.7,4.5,5.7,7.9,10.2,2.55315,2.55238,2.55315,2.55238,1.3955,0.363,0.3565,0.6415,0.127,0.347,0.3015,0.4295,0.262,3.46863,0.155,0.0475,0.051,0.134,0.649,0.783,0,0
Corey Brewer,SAC,NO,SG,15059235,2.73975,,,3000,0.91325,0.006,,2.73975,1,2.25,4.25,5.25,7.25,10.25,2.8457,0.65,2.4,4.4,5.615,7.7,11.6,2.73975,1,2.25,4.25,5.25,7.25,10.25,2.8457,0.65,2.4,4.4,5.615,7.7,11.6,2.43672,2.6998,2.43672,2.6998,0.828,0.386,0.184,0.4015,0.0835,0.255,0.2095,0.2845,0.4985,3.93184,0.2065,0.219,0.065,0.244,0.417,0.661,0,0
Javonte Green,BOS,MEM,PG,15059371,2.15425,,,3000,0.7180833333333333,0.005,,2.15425,0,1.5,3.25,4.5,6.25,8.5,2.2314,0,1.5,3.5,4.7,6.705,9.301,2.15425,0,1.5,3.25,4.5,6.25,8.5,2.2314,0,1.5,3.5,4.7,6.705,9.301,2.16815,2.37066,2.16815,2.37066,0.6745,0.243,0.216,0.4325,0.029,0.0935,0.1555,0.2445,0.2555,2.62717,0.1285,0.1245,0.063,0.1855,0.4465,0.632,0,0
Aron Baynes,PHO,PHI,C,15058876,2.62838,,,4600,0.5713869565217392,0.004,,2.62838,0,2,4,5.5,7.5,10.5,2.553,0,2,4.2,5.4,7.4,10.4,2.62838,0,2,4,5.5,7.5,10.5,2.553,0,2,4.2,5.4,7.4,10.4,2.62306,2.63173,2.62306,2.63173,1.265,0.129,0.2815,0.5295,0.167,0.413,0.201,0.261,0.2625,2.63367,0.1355,0.034,0.079,0.233,0.5095,0.7425,0,0
Anfernee Simons,POR,DAL,PG,15059411,1.613,,,3000,0.5376666666666666,0.005,,1.613,0,1.25,2.5,3.5,5.5,8.5,1.54653,0,1.2,2.7,3.5,5.4,8.2,1.613,0,1.25,2.5,3.5,5.5,8.5,1.54653,0,1.2,2.7,3.5,5.4,8.2,2.02168,2.00148,2.02168,2.00148,0.786,0.238667,0.178333,0.425333,0.100333,0.301333,0.128333,0.153333,0.258,2.63547,0.112667,0.032,0.0226667,0.0496667,0.243,0.292667,0,0
Zylan Cheatham,NO,SAC,SF,15059432,1.03925,,,3000,0.34641666666666665,0.001,,1.03925,0,0,1.5,2.75,4,6.25,0.9908,0,0,1.5,2.7,4.2,6.601,1.03925,0,0,1.5,2.75,4,6.25,0.9908,0,0,1.5,2.7,4.2,6.601,1.51909,1.6383,1.51909,1.6383,0.4055,0.14,0.119,0.239,0.02,0.058,0.1075,0.143,0.1635,1.46825,0.174,0.028,0.0355,0.0585,0.2405,0.299,0,0
Luc Richard Mbah a Moute,HOU,SA,PF,15059327,0.55125,,,3000,0.18375,0.01,,0.55125,0,0,1,1.5375,3.25,4.75,0.54335,0,0,1,2,3,4.703,0.55125,0,0,1,1.5375,3.25,4.75,0.54335,0,0,1,2,3,4.703,1.11935,1.16545,1.11935,1.16545,0.2835,0.0395,0.0775,0.145,0.021,0.0815,0.0655,0.088,0.0865,0.771567,0.04,0.0185,0.0105,0.0375,0.0905,0.128,0,0
James Harden,,,PG,15058617,0,,,11400,,0,,,,,,,,,,,,,,,,,,,,,,,,,,,,,,,,,,,,,,,,,,,,,,,,,,,
Joel Embiid,,,C,15058629,0,,,10000,,0,,,,,,,,,,,,,,,,,,,,,,,,,,,,,,,,,,,,,,,,,,,,,,,,,,,
Ben Simmons,,,PG,15058641,0,,,8900,,0,,,,,,,,,,,,,,,,,,,,,,,,,,,,,,,,,,,,,,,,,,,,,,,,,,,
Jrue Holiday,,,PG,15058650,0,,,8700,,0,,,,,,,,,,,,,,,,,,,,,,,,,,,,,,,,,,,,,,,,,,,,,,,,,,,
Brandon Ingram,,,SF,15058660,0,,,8400,,0,,,,,,,,,,,,,,,,,,,,,,,,,,,,,,,,,,,,,,,,,,,,,,,,,,,
De'Aaron Fox,,,PG,15058669,0,,,8100,,0,,,,,,,,,,,,,,,,,,,,,,,,,,,,,,,,,,,,,,,,,,,,,,,,,,,
Zion Williamson,,,PF,15058691,0,,,7500,,0,,,,,,,,,,,,,,,,,,,,,,,,,,,,,,,,,,,,,,,,,,,,,,,,,,,
Caris LeVert,,,SG,15058695,0,,,7400,,0,,,,,,,,,,,,,,,,,,,,,,,,,,,,,,,,,,,,,,,,,,,,,,,,,,,
Jarrett Allen,,,C,15058709,0,,,6900,,0,,,,,,,,,,,,,,,,,,,,,,,,,,,,,,,,,,,,,,,,,,,,,,,,,,,
Aaron Gordon,,,SF,15058711,0,,,6800,,0,,,,,,,,,,,,,,,,,,,,,,,,,,,,,,,,,,,,,,,,,,,,,,,,,,,
Jaren Jackson Jr.,,,C,15058732,0,,,6300,,0,,,,,,,,,,,,,,,,,,,,,,,,,,,,,,,,,,,,,,,,,,,,,,,,,,,
Evan Fournier,,,SG,15058759,0,,,5600,,0,,,,,,,,,,,,,,,,,,,,,,,,,,,,,,,,,,,,,,,,,,,,,,,,,,,
Josh Richardson,,,SG,15058790,0,,,5400,,0,,,,,,,,,,,,,,,,,,,,,,,,,,,,,,,,,,,,,,,,,,,,,,,,,,,
Terrence Ross,,,SG,15058783,0,,,5400,,0,,,,,,,,,,,,,,,,,,,,,,,,,,,,,,,,,,,,,,,,,,,,,,,,,,,
Jonathan Isaac,,,SF,15058795,0,,,5300,,0,,,,,,,,,,,,,,,,,,,,,,,,,,,,,,,,,,,,,,,,,,,,,,,,,,,
Joe Harris,,,SG,15058804,0,,,5200,,0,,,,,,,,,,,,,,,,,,,,,,,,,,,,,,,,,,,,,,,,,,,,,,,,,,,
Kelly Oubre Jr.,,,SF,15058818,0,,,5100,,0,,,,,,,,,,,,,,,,,,,,,,,,,,,,,,,,,,,,,,,,,,,,,,,,,,,
Garrett Temple,,,SG,15058839,0,,,5000,,0,,,,,,,,,,,,,,,,,,,,,,,,,,,,,,,,,,,,,,,,,,,,,,,,,,,
Richaun Holmes,,,C,15058893,0,,,4500,,0,,,,,,,,,,,,,,,,,,,,,,,,,,,,,,,,,,,,,,,,,,,,,,,,,,,
Danuel House Jr.,HOU,SA,SF,15058878,0,,,4500,2.5258666666666665,0,,11.3664,7.5,10.75,14.75,17,21.5,27.25,11.0162,7.2,10.5,14.4,16.5,20.605,25.804,11.3664,7.5,10.75,14.75,17,21.5,27.25,11.0162,7.2,10.5,14.4,16.5,20.605,25.804,5.57641,5.46457,5.57641,5.46457,6.3835,0.6075,0.8545,1.6795,1.298,3.3795,0.7805,0.9645,1.0375,12.5927,0.409,0.374,0.227,0.295,1.6445,1.9395,0.0005,0
Jamal Crawford,,,PG,15058919,0,,,4300,,0,,,,,,,,,,,,,,,,,,,,,,,,,,,,,,,,,,,,,,,,,,,,,,,,,,,
Michael Carter-Williams,,,PG,15058944,0,,,4100,,0,,,,,,,,,,,,,,,,,,,,,,,,,,,,,,,,,,,,,,,,,,,,,,,,,,,
Eric Gordon,,,SG,15058979,0,,,3900,,0,,,,,,,,,,,,,,,,,,,,,,,,,,,,,,,,,,,,,,,,,,,,,,,,,,,
Kent Bazemore,,,SG,15058998,0,,,3800,,0,,,,,,,,,,,,,,,,,,,,,,,,,,,,,,,,,,,,,,,,,,,,,,,,,,,
Tyus Jones,,,PG,15058995,0,,,3800,,0,,,,,,,,,,,,,,,,,,,,,,,,,,,,,,,,,,,,,,,,,,,,,,,,,,,
Patty Mills,,,PG,15059057,0,,,3300,,0,,,,,,,,,,,,,,,,,,,,,,,,,,,,,,,,,,,,,,,,,,,,,,,,,,,
Josh Jackson,,,SF,15059070,0,,,3300,,,,,,,,,,,,,,,,,,,,,,,,,,,,,,,,,,,,,,,,,,,,,,,,,,,,,
Bryn Forbes,,,PG,15059119,0,,,3100,,0,,,,,,,,,,,,,,,,,,,,,,,,,,,,,,,,,,,,,,,,,,,,,,,,,,,
J.J. Barea,,,PG,15059123,0,,,3100,,,,,,,,,,,,,,,,,,,,,,,,,,,,,,,,,,,,,,,,,,,,,,,,,,,,,
Darius Miller,,,SF,15059137,0,,,3100,,0,,,,,,,,,,,,,,,,,,,,,,,,,,,,,,,,,,,,,,,,,,,,,,,,,,,
Bradley Beal,,,SG,15059269,0,,,3000,,0,,,,,,,,,,,,,,,,,,,,,,,,,,,,,,,,,,,,,,,,,,,,,,,,,,,
Kyrie Irving,,,PG,15059302,0,,,3000,,0,,,,,,,,,,,,,,,,,,,,,,,,,,,,,,,,,,,,,,,,,,,,,,,,,,,
Spencer Dinwiddie,,,PG,15059305,0,,,3000,,0,,,,,,,,,,,,,,,,,,,,,,,,,,,,,,,,,,,,,,,,,,,,,,,,,,,
LaMarcus Aldridge,,,PF,15059165,0,,,3000,,0,,,,,,,,,,,,,,,,,,,,,,,,,,,,,,,,,,,,,,,,,,,,,,,,,,,
Davis Bertans,,,SF,15059263,0,,,3000,,0,,,,,,,,,,,,,,,,,,,,,,,,,,,,,,,,,,,,,,,,,,,,,,,,,,,
Marvin Bagley III,,,PF,15059251,0,,,3000,,0,,,,,,,,,,,,,,,,,,,,,,,,,,,,,,,,,,,,,,,,,,,,,,,,,,,
Justise Winslow,,,PG,15059199,0,,,3000,,0,,,,,,,,,,,,,,,,,,,,,,,,,,,,,,,,,,,,,,,,,,,,,,,,,,,
DeAndre Jordan,,,C,15059297,0,,,3000,,0,,,,,,,,,,,,,,,,,,,,,,,,,,,,,,,,,,,,,,,,,,,,,,,,,,,
Taurean Prince,,,SF,15059309,0,,,3000,,0,,,,,,,,,,,,,,,,,,,,,,,,,,,,,,,,,,,,,,,,,,,,,,,,,,,
Dwight Powell,,,C,15059219,0,,,3000,,0,,,,,,,,,,,,,,,,,,,,,,,,,,,,,,,,,,,,,,,,,,,,,,,,,,,
Willie Cauley-Stein,,,C,15059224,0,,,3000,,0,,,,,,,,,,,,,,,,,,,,,,,,,,,,,,,,,,,,,,,,,,,,,,,,,,,
Ian Mahinmi,,,C,15059255,0,,,3000,,,,,,,,,,,,,,,,,,,,,,,,,,,,,,,,,,,,,,,,,,,,,,,,,,,,,
Rodney Hood,,,SG,15059400,0,,,3000,,0,,,,,,,,,,,,,,,,,,,,,,,,,,,,,,,,,,,,,,,,,,,,,,,,,,,
Trevor Ariza,,,SF,15059397,0,,,3000,,0,,,,,,,,,,,,,,,,,,,,,,,,,,,,,,,,,,,,,,,,,,,,,,,,,,,
Trey Lyles,,,C,15059171,0,,,3000,,0,,,,,,,,,,,,,,,,,,,,,,,,,,,,,,,,,,,,,,,,,,,,,,,,,,,
Jalen Brunson,,,PG,15059232,0,,,3000,,0,,,,,,,,,,,,,,,,,,,,,,,,,,,,,,,,,,,,,,,,,,,,,,,,,,,
Mo Bamba,,,C,15059163,0,,,3000,,0,,,,,,,,,,,,,,,,,,,,,,,,,,,,,,,,,,,,,,,,,,,,,,,,,,,
Al-Farouq Aminu,,,PF,15059149,0,,,3000,,0,,,,,,,,,,,,,,,,,,,,,,,,,,,,,,,,,,,,,,,,,,,,,,,,,,,
Wilson Chandler,,,SF,15059291,0,,,3000,,0,,,,,,,,,,,,,,,,,,,,,,,,,,,,,,,,,,,,,,,,,,,,,,,,,,,
Anzejs Pasecniks,,,C,15059289,0,,,3000,,,,,,,,,,,,,,,,,,,,,,,,,,,,,,,,,,,,,,,,,,,,,,,,,,,,,
Gary Payton II,,,PG,15059276,0,,,3000,,0,,,,,,,,,,,,,,,,,,,,,,,,,,,,,,,,,,,,,,,,,,,,,,,,,,,
David Nwaba,,,SG,15059338,0,,,3000,,0,,,,,,,,,,,,,,,,,,,,,,,,,,,,,,,,,,,,,,,,,,,,,,,,,,,
Nicolas Claxton,,,C,15059316,0,,,3000,,0,,,,,,,,,,,,,,,,,,,,,,,,,,,,,,,,,,,,,,,,,,,,,,,,,,,
Elie Okobo,,,PG,15059363,0,,,3000,,,,,,,,,,,,,,,,,,,,,,,,,,,,,,,,,,,,,,,,,,,,,,,,,,,,,
Ryan Broekhoff,,,SF,15059185,0,,,3000,,0,,,,,,,,,,,,,,,,,,,,,,,,,,,,,,,,,,,,,,,,,,,,,,,,,,,
Cheick Diallo,,,PF,15059355,0,,,3000,,,,,,,,,,,,,,,,,,,,,,,,,,,,,,,,,,,,,,,,,,,,,,,,,,,,,
Grant Williams,,,SF,15059383,0,,,3000,,,,,,,,,,,,,,,,,,,,,,,,,,,,,,,,,,,,,,,,,,,,,,,,,,,,,
John Konchar,,,SF,15059206,0,,,3000,,,,,,,,,,,,,,,,,,,,,,,,,,,,,,,,,,,,,,,,,,,,,,,,,,,,,
Johnathan Williams,,,C,15059274,0,,,3000,,,,,,,,,,,,,,,,,,,,,,,,,,,,,,,,,,,,,,,,,,,,,,,,,,,,,
Garrison Mathews,,,SG,15059284,0,,,3000,,0,,,,,,,,,,,,,,,,,,,,,,,,,,,,,,,,,,,,,,,,,,,,,,,,,,,
Courtney Lee,,,SF,15059216,0,,,3000,,0,,,,,,,,,,,,,,,,,,,,,,,,,,,,,,,,,,,,,,,,,,,,,,,,,,,
Caleb Swanigan,,,C,15059406,0,,,3000,,0,,,,,,,,,,,,,,,,,,,,,,,,,,,,,,,,,,,,,,,,,,,,,,,,,,,
Ty Jerome,,,PG,15059359,0,,,3000,,,,,,,,,,,,,,,,,,,,,,,,,,,,,,,,,,,,,,,,,,,,,,,,,,,,,
Marko Guduric,,,SG,15059211,0,,,3000,,,,,,,,,,,,,,,,,,,,,,,,,,,,,,,,,,,,,,,,,,,,,,,,,,,,,
Nassir Little,,,SF,15059420,0,,,3000,,,,,,,,,,,,,,,,,,,,,,,,,,,,,,,,,,,,,,,,,,,,,,,,,,,,,
DeMarre Carroll,,,PF,15059323,0,,,3000,,,,,,,,,,,,,,,,,,,,,,,,,,,,,,,,,,,,,,,,,,,,,,,,,,,,,
Thabo Sefolosha,,,PF,15059331,0,,,3000,,0,,,,,,,,,,,,,,,,,,,,,,,,,,,,,,,,,,,,,,,,,,,,,,,,,,,
Bruno Caboclo,,,PF,15059341,0,,,3000,,,,,,,,,,,,,,,,,,,,,,,,,,,,,,,,,,,,,,,,,,,,,,,,,,,,,
Tremont Waters,,,PG,15059387,0,,,3000,,0,,,,,,,,,,,,,,,,,,,,,,,,,,,,,,,,,,,,,,,,,,,,,,,,,,,
Jaylen Hoard,,,SF,15059415,0,,,3000,,,,,,,,,,,,,,,,,,,,,,,,,,,,,,,,,,,,,,,,,,,,,,,,,,,,,
Luka Samanic,,,PF,15059180,0,,,3000,,,,,,,,,,,,,,,,,,,,,,,,,,,,,,,,,,,,,,,,,,,,,,,,,,,,,
Michael Kidd-Gilchrist,,,PF,15059221,0,,,3000,,,,,,,,,,,,,,,,,,,,,,,,,,,,,,,,,,,,,,,,,,,,,,,,,,,,,
Carsen Edwards,,,PG,15059380,0,,,3000,,,,,,,,,,,,,,,,,,,,,,,,,,,,,,,,,,,,,,,,,,,,,,,,,,,,,
Chimezie Metu,,,PF,15059173,0,,,3000,,,,,,,,,,,,,,,,,,,,,,,,,,,,,,,,,,,,,,,,,,,,,,,,,,,,,
Tacko Fall,,,C,15059378,0,,,3000,,,,,,,,,,,,,,,,,,,,,,,,,,,,,,,,,,,,,,,,,,,,,,,,,,,,,
Tyson Chandler,,,C,15059321,0,,,3000,,,,,,,,,,,,,,,,,,,,,,,,,,,,,,,,,,,,,,,,,,,,,,,,,,,,,
Wenyen Gabriel,,,PF,15059408,0,,,3000,,,,,,,,,,,,,,,,,,,,,,,,,,,,,,,,,,,,,,,,,,,,,,,,,,,,,
Romeo Langford,,,SG,15059390,0,,,3000,,,,,,,,,,,,,,,,,,,,,,,,,,,,,,,,,,,,,,,,,,,,,,,,,,,,,
Vincent Poirier,,,C,15059395,0,,,3000,,,,,,,,,,,,,,,,,,,,,,,,,,,,,,,,,,,,,,,,,,,,,,,,,,,,,
Yuta Watanabe,,,SF,15059202,0,,,3000,,,,,,,,,,,,,,,,,,,,,,,,,,,,,,,,,,,,,,,,,,,,,,,,,,,,,
Marial Shayok,,,SF,15059193,0,,,3000,,,,,,,,,,,,,,,,,,,,,,,,,,,,,,,,,,,,,,,,,,,,,,,,,,,,,
Moses Brown,,,C,15059418,0,,,3000,,,,,,,,,,,,,,,,,,,,,,,,,,,,,,,,,,,,,,,,,,,,,,,,,,,,,
Tyler Zeller,,,C,15059169,0,,,3000,,0,,,,,,,,,,,,,,,,,,,,,,,,,,,,,,,,,,,,,,,,,,,,,,,,,,,
Tariq Owens,,,C,15059353,0,,,3000,,,,,,,,,,,,,,,,,,,,,,,,,,,,,,,,,,,,,,,,,,,,,,,,,,,,,
Jalen Lecque,,,PG,15059367,0,,,3000,,,,,,,,,,,,,,,,,,,,,,,,,,,,,,,,,,,,,,,,,,,,,,,,,,,,,
Jarrod Uthoff,,,PF,15059266,0,,,3000,,,,,,,,,,,,,,,,,,,,,,,,,,,,,,,,,,,,,,,,,,,,,,,,,,,,,
Zhaire Smith,,,SF,15059196,0,,,3000,,0,,,,,,,,,,,,,,,,,,,,,,,,,,,,,,,,,,,,,,,,,,,,,,,,,,,
Josh Gray,,,PG,15059424,0,,,3000,,,,,,,,,,,,,,,,,,,,,,,,,,,,,,,,,,,,,,,,,,,,,,,,,,,,,
William Howard,,,SF,15059348,0,,,3000,,,,,,,,,,,,,,,,,,,,,,,,,,,,,,,,,,,,,,,,,,,,,,,,,,,,,
Antonius Cleveland,,,SG,15059226,0,,,3000,,,,,,,,,,,,,,,,,,,,,,,,,,,,,,,,,,,,,,,,,,,,,,,,,,,,,
Kyle Guy,,,PG,15059248,0,,,3000,,,,,,,,,,,,,,,,,,,,,,,,,,,,,,,,,,,,,,,,,,,,,,,,,,,,,
Kevin Durant,,,PF,15059294,0,,,3000,,0,,,,,,,,,,,,,,,,,,,,,,,,,,,,,,,,,,,,,,,,,,,,,,,,,,,
Michael Beasley,,,SF,15059299,0,,,3000,,0,,,,,,,,,,,,,,,,,,,,,,,,,,,,,,,,,,,,,,,,,,,,,,,,,,,
Josh Reaves,,,SG,15059229,0,,,3000,,,,,,,,,,,,,,,,,,,,,,,,,,,,,,,,,,,,,,,,,,,,,,,,,,,,,
Jaylen Adams,,,PG,15059403,0,,,3000,,,,,,,,,,,,,,,,,,,,,,,,,,,,,,,,,,,,,,,,,,,,,,,,,,,,,
Jontay Porter,,,C,15059209,0,,,3000,,,,,,,,,,,,,,,,,,,,,,,,,,,,,,,,,,,,,,,,,,,,,,,,,,,,,
Sindarius Thornwell,,,SG,15059427,0,,,3000,,,,,,,,,,,,,,,,,,,,,,,,,,,,,,,,,,,,,,,,,,,,,,,,,,,,,
John Wall,,,PG,15059257,0,,,3000,,0,,,,,,,,,,,,,,,,,,,,,,,,,,,,,,,,,,,,,,,,,,,,,,,,,,,
Cameron Reynolds,,,SG,15059443,0,,,3000,,,,,,,,,,,,,,,,,,,,,,,,,,,,,,,,,,,,,,,,,,,,,,,,,,,,,